[172月2026 12:49:41.052] [main/INFO] [cpw.mods.modlauncher.Launcher/MODLAUNCHER]: ModLauncher running: args [--launchTarget, forgedatauserdev, --assetIndex, 5, --assetsDir, C:\Users\18703\.gradle\caches\forge_gradle\assets, --gameDir, ., --fml.forgeVersion, 47.3.0, --fml.mcVersion, 1.20.1, --fml.forgeGroup, net.minecraftforge, --fml.mcpVersion, 20230612.114412, --mod, ifeu, --all, --output, K:\mod\my_mods\IndustrialForegoingExtraUpgrades\src\generated\resources, --existing, K:\mod\my_mods\IndustrialForegoingExtraUpgrades\src\main\resources, --mixin.config, ifeu.mixins.json]
[172月2026 12:49:41.065] [main/INFO] [cpw.mods.modlauncher.Launcher/MODLAUNCHER]: ModLauncher 10.0.9+10.0.9+main.dcd20f30 starting: java version 17.0.4.1 by Microsoft; OS Windows 11 arch amd64 version 10.0
[172月2026 12:49:41.096] [main/DEBUG] [cpw.mods.modlauncher.LaunchServiceHandler/MODLAUNCHER]: Found launch services [fmlclientdev,forgeclient,minecraft,forgegametestserverdev,fmlserveruserdev,fmlclient,fmldatauserdev,forgeserverdev,forgeserveruserdev,forgeclientdev,forgeclientuserdev,forgeserver,forgedatadev,fmlserver,fmlclientuserdev,fmlserverdev,forgedatauserdev,testharness,forgegametestserveruserdev]
[172月2026 12:49:41.111] [main/DEBUG] [cpw.mods.modlauncher.NameMappingServiceHandler/MODLAUNCHER]: Found naming services : [srgtomcp]
[172月2026 12:49:41.127] [main/DEBUG] [cpw.mods.modlauncher.LaunchPluginHandler/MODLAUNCHER]: Found launch plugins: [mixin,eventbus,slf4jfixer,object_holder_definalize,runtime_enum_extender,capability_token_subclass,accesstransformer,runtimedistcleaner]
[172月2026 12:49:41.139] [main/DEBUG] [cpw.mods.modlauncher.TransformationServicesHandler/MODLAUNCHER]: Discovering transformation services
[172月2026 12:49:41.147] [main/DEBUG] [net.minecraftforge.fml.loading.FMLPaths/CORE]: Path GAMEDIR is K:\mod\my_mods\IndustrialForegoingExtraUpgrades\run-data
[172月2026 12:49:41.148] [main/DEBUG] [net.minecraftforge.fml.loading.FMLPaths/CORE]: Path MODSDIR is K:\mod\my_mods\IndustrialForegoingExtraUpgrades\run-data\mods
[172月2026 12:49:41.148] [main/DEBUG] [net.minecraftforge.fml.loading.FMLPaths/CORE]: Path CONFIGDIR is K:\mod\my_mods\IndustrialForegoingExtraUpgrades\run-data\config
[172月2026 12:49:41.149] [main/DEBUG] [net.minecraftforge.fml.loading.FMLPaths/CORE]: Path FMLCONFIG is K:\mod\my_mods\IndustrialForegoingExtraUpgrades\run-data\config\fml.toml
[172月2026 12:49:41.202] [main/DEBUG] [cpw.mods.modlauncher.TransformationServicesHandler/MODLAUNCHER]: Found additional transformation services from discovery services: 
[172月2026 12:49:41.210] [main/INFO] [net.minecraftforge.fml.loading.ImmediateWindowHandler/]: ImmediateWindowProvider not loading because launch target is forgedatauserdev
[172月2026 12:49:41.220] [main/DEBUG] [cpw.mods.modlauncher.TransformationServicesHandler/MODLAUNCHER]: Found transformer services : [mixin,fml]
[172月2026 12:49:41.221] [main/DEBUG] [cpw.mods.modlauncher.TransformationServicesHandler/MODLAUNCHER]: Transformation services loading
[172月2026 12:49:41.221] [main/DEBUG] [cpw.mods.modlauncher.TransformationServiceDecorator/MODLAUNCHER]: Loading service mixin
[172月2026 12:49:41.221] [main/DEBUG] [cpw.mods.modlauncher.TransformationServiceDecorator/MODLAUNCHER]: Loaded service mixin
[172月2026 12:49:41.221] [main/DEBUG] [cpw.mods.modlauncher.TransformationServiceDecorator/MODLAUNCHER]: Loading service fml
[172月2026 12:49:41.224] [main/DEBUG] [net.minecraftforge.fml.loading.LauncherVersion/CORE]: Found FMLLauncher version 1.0
[172月2026 12:49:41.224] [main/DEBUG] [net.minecraftforge.fml.loading.FMLLoader/CORE]: FML 1.0 loading
[172月2026 12:49:41.224] [main/DEBUG] [net.minecraftforge.fml.loading.FMLLoader/CORE]: FML found ModLauncher version : 10.0.9+10.0.9+main.dcd20f30
[172月2026 12:49:41.226] [main/DEBUG] [net.minecraftforge.fml.loading.FMLLoader/CORE]: FML found AccessTransformer version : 8.0.4+66+master.c09db6d7
[172月2026 12:49:41.227] [main/DEBUG] [net.minecraftforge.fml.loading.FMLLoader/CORE]: FML found EventBus version : 6.0.5+6.0.5+master.eb8e549b
[172月2026 12:49:41.228] [main/DEBUG] [net.minecraftforge.fml.loading.FMLLoader/CORE]: Found Runtime Dist Cleaner
[172月2026 12:49:41.230] [main/DEBUG] [net.minecraftforge.fml.loading.FMLLoader/CORE]: FML found CoreMod version : 5.1.6
[172月2026 12:49:41.231] [main/DEBUG] [net.minecraftforge.fml.loading.FMLLoader/CORE]: Found ForgeSPI package implementation version 7.0.1+7.0.1+master.d2b38bf6
[172月2026 12:49:41.231] [main/DEBUG] [net.minecraftforge.fml.loading.FMLLoader/CORE]: Found ForgeSPI package specification 5
[172月2026 12:49:41.231] [main/DEBUG] [cpw.mods.modlauncher.TransformationServiceDecorator/MODLAUNCHER]: Loaded service fml
[172月2026 12:49:41.235] [main/DEBUG] [cpw.mods.modlauncher.TransformationServicesHandler/MODLAUNCHER]: Configuring option handling for services
[172月2026 12:49:41.243] [main/DEBUG] [cpw.mods.modlauncher.TransformationServicesHandler/MODLAUNCHER]: Transformation services initializing
[172月2026 12:49:41.245] [main/DEBUG] [cpw.mods.modlauncher.TransformationServiceDecorator/MODLAUNCHER]: Initializing transformation service mixin
[172月2026 12:49:41.260] [main/DEBUG] [mixin/]: MixinService [ModLauncher] was successfully booted in cpw.mods.cl.ModuleClassLoader@5bd03f44
[172月2026 12:49:41.278] [main/INFO] [mixin/]: SpongePowered MIXIN Subsystem Version=0.8.5 Source=union:/C:/Users/18703/.gradle/caches/modules-2/files-2.1/org.spongepowered/mixin/0.8.5/9d1c0c3a304ae6697ecd477218fa61b850bf57fc/mixin-0.8.5.jar%23128!/ Service=ModLauncher Env=CLIENT
[172月2026 12:49:41.320] [main/DEBUG] [mixin/]: Initialising Mixin Platform Manager
[172月2026 12:49:41.321] [main/DEBUG] [mixin/]: Adding mixin platform agents for container ModLauncher Root Container(ModLauncher:4f56a0a2)
[172月2026 12:49:41.323] [main/DEBUG] [mixin/]: Instancing new MixinPlatformAgentMinecraftForge for ModLauncher Root Container(ModLauncher:4f56a0a2)
[172月2026 12:49:41.324] [main/DEBUG] [mixin/]: MixinPlatformAgentMinecraftForge rejected container ModLauncher Root Container(ModLauncher:4f56a0a2)
[172月2026 12:49:41.326] [main/DEBUG] [mixin/]: Instancing new MixinPlatformAgentDefault for ModLauncher Root Container(ModLauncher:4f56a0a2)
[172月2026 12:49:41.327] [main/DEBUG] [mixin/]: MixinPlatformAgentDefault accepted container ModLauncher Root Container(ModLauncher:4f56a0a2)
[172月2026 12:49:41.330] [main/DEBUG] [cpw.mods.modlauncher.TransformationServiceDecorator/MODLAUNCHER]: Initialized transformation service mixin
[172月2026 12:49:41.331] [main/DEBUG] [cpw.mods.modlauncher.TransformationServiceDecorator/MODLAUNCHER]: Initializing transformation service fml
[172月2026 12:49:41.331] [main/DEBUG] [net.minecraftforge.fml.loading.FMLServiceProvider/CORE]: Setting up basic FML game directories
[172月2026 12:49:41.331] [main/DEBUG] [net.minecraftforge.fml.loading.FMLPaths/CORE]: Path GAMEDIR is K:\mod\my_mods\IndustrialForegoingExtraUpgrades\run-data
[172月2026 12:49:41.332] [main/DEBUG] [net.minecraftforge.fml.loading.FMLPaths/CORE]: Path MODSDIR is K:\mod\my_mods\IndustrialForegoingExtraUpgrades\run-data\mods
[172月2026 12:49:41.332] [main/DEBUG] [net.minecraftforge.fml.loading.FMLPaths/CORE]: Path CONFIGDIR is K:\mod\my_mods\IndustrialForegoingExtraUpgrades\run-data\config
[172月2026 12:49:41.332] [main/DEBUG] [net.minecraftforge.fml.loading.FMLPaths/CORE]: Path FMLCONFIG is K:\mod\my_mods\IndustrialForegoingExtraUpgrades\run-data\config\fml.toml
[172月2026 12:49:41.333] [main/DEBUG] [net.minecraftforge.fml.loading.FMLServiceProvider/CORE]: Loading configuration
[172月2026 12:49:41.338] [main/DEBUG] [net.minecraftforge.fml.loading.FMLServiceProvider/CORE]: Preparing ModFile
[172月2026 12:49:41.342] [main/DEBUG] [net.minecraftforge.fml.loading.FMLServiceProvider/CORE]: Preparing launch handler
[172月2026 12:49:41.344] [main/DEBUG] [net.minecraftforge.fml.loading.FMLLoader/CORE]: Using forgedatauserdev as launch service
[172月2026 12:49:41.359] [main/DEBUG] [net.minecraftforge.fml.loading.FMLLoader/CORE]: Received command line version data  : VersionInfo[forgeVersion=47.3.0, mcVersion=1.20.1, mcpVersion=20230612.114412, forgeGroup=net.minecraftforge]
[172月2026 12:49:41.362] [main/DEBUG] [cpw.mods.modlauncher.TransformationServiceDecorator/MODLAUNCHER]: Initialized transformation service fml
[172月2026 12:49:41.362] [main/DEBUG] [cpw.mods.modlauncher.NameMappingServiceHandler/MODLAUNCHER]: Current naming domain is 'mcp'
[172月2026 12:49:41.363] [main/DEBUG] [cpw.mods.modlauncher.NameMappingServiceHandler/MODLAUNCHER]: Identified name mapping providers {srg=srgtomcp:1234}
[172月2026 12:49:41.365] [main/DEBUG] [cpw.mods.modlauncher.TransformationServicesHandler/MODLAUNCHER]: Transformation services begin scanning
[172月2026 12:49:41.366] [main/DEBUG] [cpw.mods.modlauncher.TransformationServiceDecorator/MODLAUNCHER]: Beginning scan trigger - transformation service mixin
[172月2026 12:49:41.366] [main/DEBUG] [cpw.mods.modlauncher.TransformationServiceDecorator/MODLAUNCHER]: End scan trigger - transformation service mixin
[172月2026 12:49:41.367] [main/DEBUG] [cpw.mods.modlauncher.TransformationServiceDecorator/MODLAUNCHER]: Beginning scan trigger - transformation service fml
[172月2026 12:49:41.367] [main/DEBUG] [net.minecraftforge.fml.loading.FMLServiceProvider/CORE]: Initiating mod scan
[172月2026 12:49:41.379] [main/DEBUG] [net.minecraftforge.fml.loading.moddiscovery.ModListHandler/CORE]: Found mod coordinates from lists: []
[172月2026 12:49:41.384] [main/DEBUG] [net.minecraftforge.fml.loading.moddiscovery.ModDiscoverer/CORE]: Found Mod Locators : (mods folder:null),(maven libs:null),(exploded directory:null),(minecraft:null),(userdev classpath:null)
[172月2026 12:49:41.385] [main/DEBUG] [net.minecraftforge.fml.loading.moddiscovery.ModDiscoverer/CORE]: Found Dependency Locators : (JarInJar:null)
[172月2026 12:49:41.391] [main/DEBUG] [net.minecraftforge.fml.loading.targets.CommonLaunchHandler/CORE]: Got mod coordinates ifeu%%K:\mod\my_mods\IndustrialForegoingExtraUpgrades\build\resources\main;ifeu%%K:\mod\my_mods\IndustrialForegoingExtraUpgrades\build\classes\java\main from env
[172月2026 12:49:41.393] [main/DEBUG] [net.minecraftforge.fml.loading.targets.CommonLaunchHandler/CORE]: Found supplied mod coordinates [{ifeu=[K:\mod\my_mods\IndustrialForegoingExtraUpgrades\build\resources\main, K:\mod\my_mods\IndustrialForegoingExtraUpgrades\build\classes\java\main]}]
[172月2026 12:49:41.810] [main/DEBUG] [net.minecraftforge.fml.loading.moddiscovery.ModFileInfo/LOADING]: Found valid mod file forge-1.20.1-47.3.0_mapped_parchment_2023.09.03-1.20.1.jar with {minecraft} mods - versions {1.20.1}
[172月2026 12:49:41.827] [main/DEBUG] [net.minecraftforge.fml.loading.moddiscovery.ModFileParser/LOADING]: Considering mod file candidate C:\Users\18703\.gradle\caches\modules-2\files-2.1\net.minecraftforge\javafmllanguage\1.20.1-47.3.0\d7ebc62120f202109e300e084ca1a31a7b946a62\javafmllanguage-1.20.1-47.3.0.jar
[172月2026 12:49:41.829] [main/WARN] [net.minecraftforge.fml.loading.moddiscovery.ModFileParser/LOADING]: Mod file C:\Users\18703\.gradle\caches\modules-2\files-2.1\net.minecraftforge\javafmllanguage\1.20.1-47.3.0\d7ebc62120f202109e300e084ca1a31a7b946a62\javafmllanguage-1.20.1-47.3.0.jar is missing mods.toml file
[172月2026 12:49:41.843] [main/DEBUG] [net.minecraftforge.fml.loading.moddiscovery.ModFileParser/LOADING]: Considering mod file candidate C:\Users\18703\.gradle\caches\modules-2\files-2.1\net.minecraftforge\lowcodelanguage\1.20.1-47.3.0\1bf3e845ea0ce750096da8c71c8364b188ab74d4\lowcodelanguage-1.20.1-47.3.0.jar
[172月2026 12:49:41.843] [main/WARN] [net.minecraftforge.fml.loading.moddiscovery.ModFileParser/LOADING]: Mod file C:\Users\18703\.gradle\caches\modules-2\files-2.1\net.minecraftforge\lowcodelanguage\1.20.1-47.3.0\1bf3e845ea0ce750096da8c71c8364b188ab74d4\lowcodelanguage-1.20.1-47.3.0.jar is missing mods.toml file
[172月2026 12:49:41.856] [main/DEBUG] [net.minecraftforge.fml.loading.moddiscovery.ModFileParser/LOADING]: Considering mod file candidate C:\Users\18703\.gradle\caches\modules-2\files-2.1\net.minecraftforge\mclanguage\1.20.1-47.3.0\6093682e943ddccbabf70539319d7f2fe64db2e7\mclanguage-1.20.1-47.3.0.jar
[172月2026 12:49:41.857] [main/WARN] [net.minecraftforge.fml.loading.moddiscovery.ModFileParser/LOADING]: Mod file C:\Users\18703\.gradle\caches\modules-2\files-2.1\net.minecraftforge\mclanguage\1.20.1-47.3.0\6093682e943ddccbabf70539319d7f2fe64db2e7\mclanguage-1.20.1-47.3.0.jar is missing mods.toml file
[172月2026 12:49:41.869] [main/DEBUG] [net.minecraftforge.fml.loading.moddiscovery.ModFileParser/LOADING]: Considering mod file candidate C:\Users\18703\.gradle\caches\modules-2\files-2.1\net.minecraftforge\fmlcore\1.20.1-47.3.0\3b6be96aba3e323f3c918e8ef6a96312d82d76ad\fmlcore-1.20.1-47.3.0.jar
[172月2026 12:49:41.870] [main/WARN] [net.minecraftforge.fml.loading.moddiscovery.ModFileParser/LOADING]: Mod file C:\Users\18703\.gradle\caches\modules-2\files-2.1\net.minecraftforge\fmlcore\1.20.1-47.3.0\3b6be96aba3e323f3c918e8ef6a96312d82d76ad\fmlcore-1.20.1-47.3.0.jar is missing mods.toml file
[172月2026 12:49:41.876] [main/DEBUG] [net.minecraftforge.fml.loading.moddiscovery.ModFileParser/LOADING]: Considering mod file candidate K:\mod\my_mods\IndustrialForegoingExtraUpgrades\build\resources\main
[172月2026 12:49:41.885] [main/DEBUG] [net.minecraftforge.fml.loading.moddiscovery.ModFileInfo/LOADING]: Found valid mod file main with {ifeu} mods - versions {1.20.1-2.4.000}
[172月2026 12:49:41.891] [main/DEBUG] [net.minecraftforge.fml.loading.moddiscovery.ModFileParser/LOADING]: Considering mod file candidate /
[172月2026 12:49:41.895] [main/DEBUG] [net.minecraftforge.fml.loading.moddiscovery.ModFileInfo/LOADING]: Found valid mod file  with {forge} mods - versions {47.3.0}
[172月2026 12:49:41.935] [main/DEBUG] [net.minecraftforge.fml.loading.moddiscovery.ModFileParser/LOADING]: Considering mod file candidate C:\Users\18703\.gradle\caches\forge_gradle\deobf_dependencies\maven\modrinth\industrial-foregoing\1.20.1-3.5.19_mapped_parchment_2023.09.03-1.20.1\industrial-foregoing-1.20.1-3.5.19_mapped_parchment_2023.09.03-1.20.1.jar
[172月2026 12:49:41.939] [main/DEBUG] [net.minecraftforge.fml.loading.moddiscovery.ModFileInfo/LOADING]: Found valid mod file industrial-foregoing-1.20.1-3.5.19_mapped_parchment_2023.09.03-1.20.1.jar with {industrialforegoing} mods - versions {3.5.19}
[172月2026 12:49:41.952] [main/DEBUG] [net.minecraftforge.fml.loading.moddiscovery.ModFileParser/LOADING]: Considering mod file candidate C:\Users\18703\.gradle\caches\forge_gradle\deobf_dependencies\maven\modrinth\titanium\1.20.1-3.8.32_mapped_parchment_2023.09.03-1.20.1\titanium-1.20.1-3.8.32_mapped_parchment_2023.09.03-1.20.1.jar
[172月2026 12:49:41.954] [main/DEBUG] [net.minecraftforge.fml.loading.moddiscovery.ModFileInfo/LOADING]: Found valid mod file titanium-1.20.1-3.8.32_mapped_parchment_2023.09.03-1.20.1.jar with {titanium} mods - versions {3.8.32}
[172月2026 12:49:41.970] [main/DEBUG] [net.minecraftforge.fml.loading.moddiscovery.ModFileParser/LOADING]: Considering mod file candidate C:\Users\18703\.gradle\caches\forge_gradle\deobf_dependencies\dev\latvian\mods\kubejs-forge\2001.6.5-build.16_mapped_parchment_2023.09.03-1.20.1\kubejs-forge-2001.6.5-build.16_mapped_parchment_2023.09.03-1.20.1.jar
[172月2026 12:49:41.972] [main/DEBUG] [net.minecraftforge.fml.loading.moddiscovery.ModFileInfo/LOADING]: Found valid mod file kubejs-forge-2001.6.5-build.16_mapped_parchment_2023.09.03-1.20.1.jar with {kubejs} mods - versions {2001.6.5-build.16}
[172月2026 12:49:41.991] [main/DEBUG] [net.minecraftforge.fml.loading.moddiscovery.ModFileParser/LOADING]: Considering mod file candidate C:\Users\18703\.gradle\caches\forge_gradle\deobf_dependencies\dev\latvian\mods\rhino-forge\2001.2.3-build.10_mapped_parchment_2023.09.03-1.20.1\rhino-forge-2001.2.3-build.10_mapped_parchment_2023.09.03-1.20.1.jar
[172月2026 12:49:41.993] [main/DEBUG] [net.minecraftforge.fml.loading.moddiscovery.ModFileInfo/LOADING]: Found valid mod file rhino-forge-2001.2.3-build.10_mapped_parchment_2023.09.03-1.20.1.jar with {rhino} mods - versions {2001.2.3-build.10}
[172月2026 12:49:42.008] [main/DEBUG] [net.minecraftforge.fml.loading.moddiscovery.ModFileParser/LOADING]: Considering mod file candidate C:\Users\18703\.gradle\caches\forge_gradle\deobf_dependencies\dev\architectury\architectury-forge\9.2.14_mapped_parchment_2023.09.03-1.20.1\architectury-forge-9.2.14_mapped_parchment_2023.09.03-1.20.1.jar
[172月2026 12:49:42.010] [main/DEBUG] [net.minecraftforge.fml.loading.moddiscovery.ModFileInfo/LOADING]: Found valid mod file architectury-forge-9.2.14_mapped_parchment_2023.09.03-1.20.1.jar with {architectury} mods - versions {9.2.14}
[172月2026 12:49:42.024] [main/DEBUG] [net.minecraftforge.fml.loading.moddiscovery.ModFileParser/LOADING]: Considering mod file candidate C:\Users\18703\.gradle\caches\forge_gradle\deobf_dependencies\mezz\jei\jei-1.20.1-forge\15.20.0.106_mapped_parchment_2023.09.03-1.20.1\jei-1.20.1-forge-15.20.0.106_mapped_parchment_2023.09.03-1.20.1.jar
[172月2026 12:49:42.026] [main/DEBUG] [net.minecraftforge.fml.loading.moddiscovery.ModFileInfo/LOADING]: Found valid mod file jei-1.20.1-forge-15.20.0.106_mapped_parchment_2023.09.03-1.20.1.jar with {jei} mods - versions {15.20.0.106}
[172月2026 12:49:42.043] [main/DEBUG] [net.minecraftforge.fml.loading.moddiscovery.ModFileParser/LOADING]: Considering mod file candidate C:\Users\18703\.gradle\caches\forge_gradle\deobf_dependencies\maven\modrinth\industrial-foregoing\1.20.1-3.5.19_mapped_parchment_2023.09.03-1.20.1\industrial-foregoing-1.20.1-3.5.19_mapped_parchment_2023.09.03-1.20.1.jar
[172月2026 12:49:42.044] [main/DEBUG] [net.minecraftforge.fml.loading.moddiscovery.ModFileInfo/LOADING]: Found valid mod file industrial-foregoing-1.20.1-3.5.19_mapped_parchment_2023.09.03-1.20.1.jar with {industrialforegoing} mods - versions {3.5.19}
[172月2026 12:49:42.061] [main/DEBUG] [net.minecraftforge.fml.loading.moddiscovery.ModFileParser/LOADING]: Considering mod file candidate C:\Users\18703\.gradle\caches\forge_gradle\deobf_dependencies\maven\modrinth\titanium\1.20.1-3.8.32_mapped_parchment_2023.09.03-1.20.1\titanium-1.20.1-3.8.32_mapped_parchment_2023.09.03-1.20.1.jar
[172月2026 12:49:42.062] [main/DEBUG] [net.minecraftforge.fml.loading.moddiscovery.ModFileInfo/LOADING]: Found valid mod file titanium-1.20.1-3.8.32_mapped_parchment_2023.09.03-1.20.1.jar with {titanium} mods - versions {3.8.32}
[172月2026 12:49:42.080] [main/DEBUG] [net.minecraftforge.fml.loading.moddiscovery.ModFileParser/LOADING]: Considering mod file candidate C:\Users\18703\.gradle\caches\forge_gradle\deobf_dependencies\dev\latvian\mods\kubejs-forge\2001.6.5-build.16_mapped_parchment_2023.09.03-1.20.1\kubejs-forge-2001.6.5-build.16_mapped_parchment_2023.09.03-1.20.1.jar
[172月2026 12:49:42.081] [main/DEBUG] [net.minecraftforge.fml.loading.moddiscovery.ModFileInfo/LOADING]: Found valid mod file kubejs-forge-2001.6.5-build.16_mapped_parchment_2023.09.03-1.20.1.jar with {kubejs} mods - versions {2001.6.5-build.16}
[172月2026 12:49:42.096] [main/DEBUG] [net.minecraftforge.fml.loading.moddiscovery.ModFileParser/LOADING]: Considering mod file candidate C:\Users\18703\.gradle\caches\forge_gradle\deobf_dependencies\dev\latvian\mods\rhino-forge\2001.2.3-build.10_mapped_parchment_2023.09.03-1.20.1\rhino-forge-2001.2.3-build.10_mapped_parchment_2023.09.03-1.20.1.jar
[172月2026 12:49:42.098] [main/DEBUG] [net.minecraftforge.fml.loading.moddiscovery.ModFileInfo/LOADING]: Found valid mod file rhino-forge-2001.2.3-build.10_mapped_parchment_2023.09.03-1.20.1.jar with {rhino} mods - versions {2001.2.3-build.10}
[172月2026 12:49:42.113] [main/DEBUG] [net.minecraftforge.fml.loading.moddiscovery.ModFileParser/LOADING]: Considering mod file candidate C:\Users\18703\.gradle\caches\forge_gradle\deobf_dependencies\dev\architectury\architectury-forge\9.2.14_mapped_parchment_2023.09.03-1.20.1\architectury-forge-9.2.14_mapped_parchment_2023.09.03-1.20.1.jar
[172月2026 12:49:42.117] [main/DEBUG] [net.minecraftforge.fml.loading.moddiscovery.ModFileInfo/LOADING]: Found valid mod file architectury-forge-9.2.14_mapped_parchment_2023.09.03-1.20.1.jar with {architectury} mods - versions {9.2.14}
[172月2026 12:49:42.132] [main/DEBUG] [net.minecraftforge.fml.loading.moddiscovery.ModFileParser/LOADING]: Considering mod file candidate C:\Users\18703\.gradle\caches\forge_gradle\deobf_dependencies\mezz\jei\jei-1.20.1-forge\15.20.0.106_mapped_parchment_2023.09.03-1.20.1\jei-1.20.1-forge-15.20.0.106_mapped_parchment_2023.09.03-1.20.1.jar
[172月2026 12:49:42.134] [main/DEBUG] [net.minecraftforge.fml.loading.moddiscovery.ModFileInfo/LOADING]: Found valid mod file jei-1.20.1-forge-15.20.0.106_mapped_parchment_2023.09.03-1.20.1.jar with {jei} mods - versions {15.20.0.106}
[172月2026 12:49:42.141] [main/DEBUG] [net.minecraftforge.fml.loading.UniqueModListBuilder/]: Found 2 mods for first modid industrialforegoing, selecting most recent based on version data
[172月2026 12:49:42.141] [main/DEBUG] [net.minecraftforge.fml.loading.UniqueModListBuilder/]: Selected file industrial-foregoing-1.20.1-3.5.19_mapped_parchment_2023.09.03-1.20.1.jar for modid industrialforegoing with version 3.5.19
[172月2026 12:49:42.141] [main/DEBUG] [net.minecraftforge.fml.loading.UniqueModListBuilder/]: Found 2 mods for first modid rhino, selecting most recent based on version data
[172月2026 12:49:42.141] [main/DEBUG] [net.minecraftforge.fml.loading.UniqueModListBuilder/]: Selected file rhino-forge-2001.2.3-build.10_mapped_parchment_2023.09.03-1.20.1.jar for modid rhino with version 2001.2.3-build.10
[172月2026 12:49:42.142] [main/DEBUG] [net.minecraftforge.fml.loading.UniqueModListBuilder/]: Found 2 mods for first modid kubejs, selecting most recent based on version data
[172月2026 12:49:42.142] [main/DEBUG] [net.minecraftforge.fml.loading.UniqueModListBuilder/]: Selected file kubejs-forge-2001.6.5-build.16_mapped_parchment_2023.09.03-1.20.1.jar for modid kubejs with version 2001.6.5-build.16
[172月2026 12:49:42.142] [main/DEBUG] [net.minecraftforge.fml.loading.UniqueModListBuilder/]: Found 2 mods for first modid titanium, selecting most recent based on version data
[172月2026 12:49:42.142] [main/DEBUG] [net.minecraftforge.fml.loading.UniqueModListBuilder/]: Selected file titanium-1.20.1-3.8.32_mapped_parchment_2023.09.03-1.20.1.jar for modid titanium with version 3.8.32
[172月2026 12:49:42.142] [main/DEBUG] [net.minecraftforge.fml.loading.UniqueModListBuilder/]: Found 2 mods for first modid architectury, selecting most recent based on version data
[172月2026 12:49:42.142] [main/DEBUG] [net.minecraftforge.fml.loading.UniqueModListBuilder/]: Selected file architectury-forge-9.2.14_mapped_parchment_2023.09.03-1.20.1.jar for modid architectury with version 9.2.14
[172月2026 12:49:42.143] [main/DEBUG] [net.minecraftforge.fml.loading.UniqueModListBuilder/]: Found 2 mods for first modid jei, selecting most recent based on version data
[172月2026 12:49:42.143] [main/DEBUG] [net.minecraftforge.fml.loading.UniqueModListBuilder/]: Selected file jei-1.20.1-forge-15.20.0.106_mapped_parchment_2023.09.03-1.20.1.jar for modid jei with version 15.20.0.106
[172月2026 12:49:42.152] [main/DEBUG] [net.minecraftforge.fml.loading.moddiscovery.AbstractJarFileDependencyLocator/]: Failed to load resource META-INF\jarjar\metadata.json from industrial-foregoing-1.20.1-3.5.19_mapped_parchment_2023.09.03-1.20.1.jar, it does not contain dependency information.
[172月2026 12:49:42.153] [main/DEBUG] [net.minecraftforge.fml.loading.moddiscovery.AbstractJarFileDependencyLocator/]: Failed to load resource META-INF\jarjar\metadata.json from forge-1.20.1-47.3.0_mapped_parchment_2023.09.03-1.20.1.jar, it does not contain dependency information.
[172月2026 12:49:42.153] [main/DEBUG] [net.minecraftforge.fml.loading.moddiscovery.AbstractJarFileDependencyLocator/]: Failed to load resource META-INF\jarjar\metadata.json from rhino-forge-2001.2.3-build.10_mapped_parchment_2023.09.03-1.20.1.jar, it does not contain dependency information.
[172月2026 12:49:42.153] [main/DEBUG] [net.minecraftforge.fml.loading.moddiscovery.AbstractJarFileDependencyLocator/]: Failed to load resource META-INF\jarjar\metadata.json from titanium-1.20.1-3.8.32_mapped_parchment_2023.09.03-1.20.1.jar, it does not contain dependency information.
[172月2026 12:49:42.154] [main/DEBUG] [net.minecraftforge.fml.loading.moddiscovery.AbstractJarFileDependencyLocator/]: Failed to load resource META-INF\jarjar\metadata.json from , it does not contain dependency information.
[172月2026 12:49:42.154] [main/DEBUG] [net.minecraftforge.fml.loading.moddiscovery.AbstractJarFileDependencyLocator/]: Failed to load resource META-INF\jarjar\metadata.json from architectury-forge-9.2.14_mapped_parchment_2023.09.03-1.20.1.jar, it does not contain dependency information.
[172月2026 12:49:42.154] [main/DEBUG] [net.minecraftforge.fml.loading.moddiscovery.AbstractJarFileDependencyLocator/]: Failed to load resource META-INF\jarjar\metadata.json from main, it does not contain dependency information.
[172月2026 12:49:42.155] [main/DEBUG] [net.minecraftforge.fml.loading.moddiscovery.AbstractJarFileDependencyLocator/]: Failed to load resource META-INF\jarjar\metadata.json from jei-1.20.1-forge-15.20.0.106_mapped_parchment_2023.09.03-1.20.1.jar, it does not contain dependency information.
[172月2026 12:49:42.155] [main/DEBUG] [net.minecraftforge.fml.loading.moddiscovery.AbstractJarFileDependencyLocator/]: Failed to load resource META-INF\jarjar\metadata.json from mclanguage-1.20.1-47.3.0.jar, it does not contain dependency information.
[172月2026 12:49:42.155] [main/DEBUG] [net.minecraftforge.fml.loading.moddiscovery.AbstractJarFileDependencyLocator/]: Failed to load resource META-INF\jarjar\metadata.json from javafmllanguage-1.20.1-47.3.0.jar, it does not contain dependency information.
[172月2026 12:49:42.155] [main/DEBUG] [net.minecraftforge.fml.loading.moddiscovery.AbstractJarFileDependencyLocator/]: Failed to load resource META-INF\jarjar\metadata.json from fmlcore-1.20.1-47.3.0.jar, it does not contain dependency information.
[172月2026 12:49:42.155] [main/DEBUG] [net.minecraftforge.fml.loading.moddiscovery.AbstractJarFileDependencyLocator/]: Failed to load resource META-INF\jarjar\metadata.json from lowcodelanguage-1.20.1-47.3.0.jar, it does not contain dependency information.
[172月2026 12:49:42.233] [main/DEBUG] [net.minecraftforge.fml.loading.moddiscovery.ModFileParser/LOADING]: Considering mod file candidate 
[172月2026 12:49:42.234] [main/DEBUG] [net.minecraftforge.fml.loading.moddiscovery.ModFileInfo/LOADING]: Found valid mod file mixinextras-forge-0.2.0-rc.2.jar with {mixinextras} mods - versions {0.2.0-rc.2}
[172月2026 12:49:42.243] [main/DEBUG] [net.minecraftforge.fml.loading.moddiscovery.AbstractJarFileDependencyLocator/]: Failed to load resource META-INF\jarjar\metadata.json from MixinExtras-0.2.0-rc.2.jar, it does not contain dependency information.
[172月2026 12:49:42.282] [main/DEBUG] [net.minecraftforge.fml.loading.moddiscovery.ModFileParser/LOADING]: Considering mod file candidate 
[172月2026 12:49:42.283] [main/DEBUG] [net.minecraftforge.fml.loading.moddiscovery.ModFileInfo/LOADING]: Found valid mod file mixinextras-forge-0.2.0-rc.2.jar with {mixinextras} mods - versions {0.2.0-rc.2}
[172月2026 12:49:42.289] [main/INFO] [net.minecraftforge.fml.loading.moddiscovery.JarInJarDependencyLocator/]: Found 2 dependencies adding them to mods collection
[172月2026 12:49:42.292] [main/DEBUG] [net.minecraftforge.fml.loading.moddiscovery.ModFileInfo/LOADING]: Found valid mod file forge-1.20.1-47.3.0_mapped_parchment_2023.09.03-1.20.1.jar with {minecraft} mods - versions {1.20.1}
[172月2026 12:49:42.295] [main/DEBUG] [net.minecraftforge.fml.loading.moddiscovery.ModFile/LOADING]: Loading mod file C:\Users\18703\.gradle\caches\forge_gradle\minecraft_user_repo\net\minecraftforge\forge\1.20.1-47.3.0_mapped_parchment_2023.09.03-1.20.1\forge-1.20.1-47.3.0_mapped_parchment_2023.09.03-1.20.1.jar with languages [LanguageSpec[languageName=minecraft, acceptedVersions=1]]
[172月2026 12:49:42.297] [main/DEBUG] [net.minecraftforge.fml.loading.moddiscovery.ModFileParser/LOADING]: Considering mod file candidate C:\Users\18703\.gradle\caches\forge_gradle\deobf_dependencies\maven\modrinth\industrial-foregoing\1.20.1-3.5.19_mapped_parchment_2023.09.03-1.20.1\industrial-foregoing-1.20.1-3.5.19_mapped_parchment_2023.09.03-1.20.1.jar
[172月2026 12:49:42.298] [main/DEBUG] [net.minecraftforge.fml.loading.moddiscovery.ModFileInfo/LOADING]: Found valid mod file industrial-foregoing-1.20.1-3.5.19_mapped_parchment_2023.09.03-1.20.1.jar with {industrialforegoing} mods - versions {3.5.19}
[172月2026 12:49:42.298] [main/DEBUG] [net.minecraftforge.fml.loading.moddiscovery.ModFile/LOADING]: Loading mod file C:\Users\18703\.gradle\caches\forge_gradle\deobf_dependencies\maven\modrinth\industrial-foregoing\1.20.1-3.5.19_mapped_parchment_2023.09.03-1.20.1\industrial-foregoing-1.20.1-3.5.19_mapped_parchment_2023.09.03-1.20.1.jar with languages [LanguageSpec[languageName=javafml, acceptedVersions=[37,)]]
[172月2026 12:49:42.299] [main/DEBUG] [net.minecraftforge.fml.loading.moddiscovery.ModFileParser/LOADING]: Considering mod file candidate C:\Users\18703\.gradle\caches\forge_gradle\deobf_dependencies\dev\latvian\mods\kubejs-forge\2001.6.5-build.16_mapped_parchment_2023.09.03-1.20.1\kubejs-forge-2001.6.5-build.16_mapped_parchment_2023.09.03-1.20.1.jar
[172月2026 12:49:42.301] [main/DEBUG] [net.minecraftforge.fml.loading.moddiscovery.ModFileInfo/LOADING]: Found valid mod file kubejs-forge-2001.6.5-build.16_mapped_parchment_2023.09.03-1.20.1.jar with {kubejs} mods - versions {2001.6.5-build.16}
[172月2026 12:49:42.301] [main/DEBUG] [net.minecraftforge.fml.loading.moddiscovery.ModFile/LOADING]: Loading mod file C:\Users\18703\.gradle\caches\forge_gradle\deobf_dependencies\dev\latvian\mods\kubejs-forge\2001.6.5-build.16_mapped_parchment_2023.09.03-1.20.1\kubejs-forge-2001.6.5-build.16_mapped_parchment_2023.09.03-1.20.1.jar with languages [LanguageSpec[languageName=javafml, acceptedVersions=[47,)]]
[172月2026 12:49:42.301] [main/DEBUG] [net.minecraftforge.fml.loading.moddiscovery.ModFileParser/LOADING]: Considering mod file candidate C:\Users\18703\.gradle\caches\forge_gradle\deobf_dependencies\dev\latvian\mods\rhino-forge\2001.2.3-build.10_mapped_parchment_2023.09.03-1.20.1\rhino-forge-2001.2.3-build.10_mapped_parchment_2023.09.03-1.20.1.jar
[172月2026 12:49:42.302] [main/DEBUG] [net.minecraftforge.fml.loading.moddiscovery.ModFileInfo/LOADING]: Found valid mod file rhino-forge-2001.2.3-build.10_mapped_parchment_2023.09.03-1.20.1.jar with {rhino} mods - versions {2001.2.3-build.10}
[172月2026 12:49:42.303] [main/DEBUG] [net.minecraftforge.fml.loading.moddiscovery.ModFile/LOADING]: Loading mod file C:\Users\18703\.gradle\caches\forge_gradle\deobf_dependencies\dev\latvian\mods\rhino-forge\2001.2.3-build.10_mapped_parchment_2023.09.03-1.20.1\rhino-forge-2001.2.3-build.10_mapped_parchment_2023.09.03-1.20.1.jar with languages [LanguageSpec[languageName=javafml, acceptedVersions=[38,)]]
[172月2026 12:49:42.303] [main/DEBUG] [net.minecraftforge.fml.loading.moddiscovery.ModFileParser/LOADING]: Considering mod file candidate /
[172月2026 12:49:42.304] [main/DEBUG] [net.minecraftforge.fml.loading.moddiscovery.ModFileInfo/LOADING]: Found valid mod file  with {forge} mods - versions {47.3.0}
[172月2026 12:49:42.304] [main/DEBUG] [net.minecraftforge.fml.loading.moddiscovery.ModFile/LOADING]: Loading mod file / with languages [LanguageSpec[languageName=javafml, acceptedVersions=[24,]]]
[172月2026 12:49:42.308] [main/DEBUG] [net.minecraftforge.fml.loading.moddiscovery.ModFileParser/LOADING]: Found coremod field_to_method with Javascript path coremods/field_to_method.js
[172月2026 12:49:42.308] [main/DEBUG] [net.minecraftforge.fml.loading.moddiscovery.ModFileParser/LOADING]: Found coremod field_to_instanceof with Javascript path coremods/field_to_instanceof.js
[172月2026 12:49:42.308] [main/DEBUG] [net.minecraftforge.fml.loading.moddiscovery.ModFileParser/LOADING]: Found coremod add_bouncer_method with Javascript path coremods/add_bouncer_method.js
[172月2026 12:49:42.308] [main/DEBUG] [net.minecraftforge.fml.loading.moddiscovery.ModFileParser/LOADING]: Found coremod method_redirector with Javascript path coremods/method_redirector.js
[172月2026 12:49:42.308] [main/DEBUG] [net.minecraftforge.fml.loading.moddiscovery.ModFile/LOADING]: Found coremod coremods/field_to_method.js
[172月2026 12:49:42.308] [main/DEBUG] [net.minecraftforge.fml.loading.moddiscovery.ModFile/LOADING]: Found coremod coremods/field_to_instanceof.js
[172月2026 12:49:42.308] [main/DEBUG] [net.minecraftforge.fml.loading.moddiscovery.ModFile/LOADING]: Found coremod coremods/add_bouncer_method.js
[172月2026 12:49:42.309] [main/DEBUG] [net.minecraftforge.fml.loading.moddiscovery.ModFile/LOADING]: Found coremod coremods/method_redirector.js
[172月2026 12:49:42.309] [main/DEBUG] [net.minecraftforge.fml.loading.moddiscovery.ModFileParser/LOADING]: Considering mod file candidate C:\Users\18703\.gradle\caches\forge_gradle\deobf_dependencies\maven\modrinth\titanium\1.20.1-3.8.32_mapped_parchment_2023.09.03-1.20.1\titanium-1.20.1-3.8.32_mapped_parchment_2023.09.03-1.20.1.jar
[172月2026 12:49:42.310] [main/DEBUG] [net.minecraftforge.fml.loading.moddiscovery.ModFileInfo/LOADING]: Found valid mod file titanium-1.20.1-3.8.32_mapped_parchment_2023.09.03-1.20.1.jar with {titanium} mods - versions {3.8.32}
[172月2026 12:49:42.310] [main/DEBUG] [net.minecraftforge.fml.loading.moddiscovery.ModFile/LOADING]: Loading mod file C:\Users\18703\.gradle\caches\forge_gradle\deobf_dependencies\maven\modrinth\titanium\1.20.1-3.8.32_mapped_parchment_2023.09.03-1.20.1\titanium-1.20.1-3.8.32_mapped_parchment_2023.09.03-1.20.1.jar with languages [LanguageSpec[languageName=javafml, acceptedVersions=[37,)]]
[172月2026 12:49:42.310] [main/DEBUG] [net.minecraftforge.fml.loading.moddiscovery.ModFileParser/LOADING]: Considering mod file candidate C:\Users\18703\.gradle\caches\forge_gradle\deobf_dependencies\dev\architectury\architectury-forge\9.2.14_mapped_parchment_2023.09.03-1.20.1\architectury-forge-9.2.14_mapped_parchment_2023.09.03-1.20.1.jar
[172月2026 12:49:42.312] [main/DEBUG] [net.minecraftforge.fml.loading.moddiscovery.ModFileInfo/LOADING]: Found valid mod file architectury-forge-9.2.14_mapped_parchment_2023.09.03-1.20.1.jar with {architectury} mods - versions {9.2.14}
[172月2026 12:49:42.312] [main/DEBUG] [net.minecraftforge.fml.loading.moddiscovery.ModFile/LOADING]: Loading mod file C:\Users\18703\.gradle\caches\forge_gradle\deobf_dependencies\dev\architectury\architectury-forge\9.2.14_mapped_parchment_2023.09.03-1.20.1\architectury-forge-9.2.14_mapped_parchment_2023.09.03-1.20.1.jar with languages [LanguageSpec[languageName=javafml, acceptedVersions=[46,)]]
[172月2026 12:49:42.312] [main/DEBUG] [net.minecraftforge.fml.loading.moddiscovery.ModFileParser/LOADING]: Considering mod file candidate K:\mod\my_mods\IndustrialForegoingExtraUpgrades\build\resources\main
[172月2026 12:49:42.315] [main/DEBUG] [net.minecraftforge.fml.loading.moddiscovery.ModFileInfo/LOADING]: Found valid mod file main with {ifeu} mods - versions {1.20.1-2.4.000}
[172月2026 12:49:42.315] [main/DEBUG] [net.minecraftforge.fml.loading.moddiscovery.ModFile/LOADING]: Loading mod file K:\mod\my_mods\IndustrialForegoingExtraUpgrades\build\resources\main with languages [LanguageSpec[languageName=javafml, acceptedVersions=[47,)]]
[172月2026 12:49:42.315] [main/DEBUG] [net.minecraftforge.fml.loading.moddiscovery.ModFileParser/LOADING]: Considering mod file candidate C:\Users\18703\.gradle\caches\forge_gradle\deobf_dependencies\mezz\jei\jei-1.20.1-forge\15.20.0.106_mapped_parchment_2023.09.03-1.20.1\jei-1.20.1-forge-15.20.0.106_mapped_parchment_2023.09.03-1.20.1.jar
[172月2026 12:49:42.317] [main/DEBUG] [net.minecraftforge.fml.loading.moddiscovery.ModFileInfo/LOADING]: Found valid mod file jei-1.20.1-forge-15.20.0.106_mapped_parchment_2023.09.03-1.20.1.jar with {jei} mods - versions {15.20.0.106}
[172月2026 12:49:42.317] [main/DEBUG] [net.minecraftforge.fml.loading.moddiscovery.ModFile/LOADING]: Loading mod file C:\Users\18703\.gradle\caches\forge_gradle\deobf_dependencies\mezz\jei\jei-1.20.1-forge\15.20.0.106_mapped_parchment_2023.09.03-1.20.1\jei-1.20.1-forge-15.20.0.106_mapped_parchment_2023.09.03-1.20.1.jar with languages [LanguageSpec[languageName=javafml, acceptedVersions=[47,)]]
[172月2026 12:49:42.317] [main/DEBUG] [net.minecraftforge.fml.loading.moddiscovery.ModFileParser/LOADING]: Considering mod file candidate 
[172月2026 12:49:42.318] [main/DEBUG] [net.minecraftforge.fml.loading.moddiscovery.ModFileInfo/LOADING]: Found valid mod file mixinextras-forge-0.2.0-rc.2.jar with {mixinextras} mods - versions {0.2.0-rc.2}
[172月2026 12:49:42.319] [main/DEBUG] [net.minecraftforge.fml.loading.moddiscovery.ModFile/LOADING]: Loading mod file  with languages [LanguageSpec[languageName=javafml, acceptedVersions=*]]
[172月2026 12:49:42.319] [main/DEBUG] [net.minecraftforge.fml.loading.moddiscovery.ModFile/LOADING]: Loading mod file  with languages []
[172月2026 12:49:42.319] [main/DEBUG] [net.minecraftforge.fml.loading.moddiscovery.ModFileParser/LOADING]: Considering mod file candidate 
[172月2026 12:49:42.320] [main/DEBUG] [net.minecraftforge.fml.loading.moddiscovery.ModFileInfo/LOADING]: Found valid mod file mixinextras-forge-0.2.0-rc.2.jar with {mixinextras} mods - versions {0.2.0-rc.2}
[172月2026 12:49:42.320] [main/DEBUG] [net.minecraftforge.fml.loading.moddiscovery.ModFile/LOADING]: Loading mod file  with languages [LanguageSpec[languageName=javafml, acceptedVersions=*]]
[172月2026 12:49:42.320] [main/DEBUG] [net.minecraftforge.fml.loading.moddiscovery.ModFile/LOADING]: Loading mod file  with languages []
[172月2026 12:49:42.322] [main/DEBUG] [cpw.mods.modlauncher.TransformationServiceDecorator/MODLAUNCHER]: End scan trigger - transformation service fml
[172月2026 12:49:42.338] [main/DEBUG] [net.minecraftforge.fml.loading.LanguageLoadingProvider/CORE]: Found 3 language providers
[172月2026 12:49:42.339] [main/DEBUG] [net.minecraftforge.fml.loading.LanguageLoadingProvider/CORE]: Found language provider minecraft, version 1.0
[172月2026 12:49:42.339] [main/DEBUG] [net.minecraftforge.fml.loading.LanguageLoadingProvider/CORE]: Found language provider lowcodefml, version 47
[172月2026 12:49:42.339] [main/DEBUG] [net.minecraftforge.fml.loading.LanguageLoadingProvider/CORE]: Found language provider javafml, version 47
[172月2026 12:49:42.345] [main/DEBUG] [net.minecraftforge.fml.loading.UniqueModListBuilder/]: Found 2 mods for first modid mixinextras, selecting most recent based on version data
[172月2026 12:49:42.345] [main/DEBUG] [net.minecraftforge.fml.loading.UniqueModListBuilder/]: Selected file mixinextras-forge-0.2.0-rc.2.jar for modid mixinextras with version 0.2.0-rc.2
[172月2026 12:49:42.345] [main/DEBUG] [net.minecraftforge.fml.loading.UniqueModListBuilder/]: Found 2 mods for first modid MixinExtras.rc._2, selecting most recent based on version data
[172月2026 12:49:42.346] [main/DEBUG] [net.minecraftforge.fml.loading.UniqueModListBuilder/]: Selected file MixinExtras-0.2.0-rc.2.jar for modid MixinExtras.rc._2 with version 0.0NONE
[172月2026 12:49:42.348] [main/DEBUG] [net.minecraftforge.fml.loading.ModSorter/]: Configured system mods: [minecraft, forge]
[172月2026 12:49:42.349] [main/DEBUG] [net.minecraftforge.fml.loading.ModSorter/]: Found system mod: minecraft
[172月2026 12:49:42.349] [main/DEBUG] [net.minecraftforge.fml.loading.ModSorter/]: Found system mod: forge
[172月2026 12:49:42.353] [main/DEBUG] [net.minecraftforge.fml.loading.ModSorter/LOADING]: Found 19 mod requirements (13 mandatory, 6 optional)
[172月2026 12:49:42.354] [main/DEBUG] [net.minecraftforge.fml.loading.ModSorter/LOADING]: Found 0 mod requirements missing (0 mandatory, 0 optional)
[172月2026 12:49:42.881] [main/DEBUG] [net.minecraftforge.fml.loading.MCPNamingService/CORE]: Loaded 31014 field mappings from fields.csv
[172月2026 12:49:42.935] [main/DEBUG] [net.minecraftforge.fml.loading.MCPNamingService/CORE]: Loaded 34318 method mappings from methods.csv
[172月2026 12:49:43.048] [main/DEBUG] [cpw.mods.modlauncher.TransformationServicesHandler/MODLAUNCHER]: Transformation services loading transformers
[172月2026 12:49:43.049] [main/DEBUG] [cpw.mods.modlauncher.TransformationServiceDecorator/MODLAUNCHER]: Initializing transformers for transformation service mixin
[172月2026 12:49:43.049] [main/DEBUG] [cpw.mods.modlauncher.TransformationServiceDecorator/MODLAUNCHER]: Initialized transformers for transformation service mixin
[172月2026 12:49:43.050] [main/DEBUG] [cpw.mods.modlauncher.TransformationServiceDecorator/MODLAUNCHER]: Initializing transformers for transformation service fml
[172月2026 12:49:43.050] [main/DEBUG] [net.minecraftforge.fml.loading.FMLServiceProvider/CORE]: Loading coremod transformers
[172月2026 12:49:43.051] [main/DEBUG] [net.minecraftforge.coremod.CoreModEngine/COREMOD]: Loading CoreMod from coremods/field_to_method.js
[172月2026 12:49:43.261] [main/DEBUG] [net.minecraftforge.coremod.CoreModEngine/COREMOD]: CoreMod loaded successfully
[172月2026 12:49:43.261] [main/DEBUG] [net.minecraftforge.coremod.CoreModEngine/COREMOD]: Loading CoreMod from coremods/field_to_instanceof.js
[172月2026 12:49:43.366] [main/DEBUG] [net.minecraftforge.coremod.CoreModEngine/COREMOD]: CoreMod loaded successfully
[172月2026 12:49:43.366] [main/DEBUG] [net.minecraftforge.coremod.CoreModEngine/COREMOD]: Loading CoreMod from coremods/add_bouncer_method.js
[172月2026 12:49:43.416] [main/DEBUG] [net.minecraftforge.coremod.CoreModEngine/COREMOD]: CoreMod loaded successfully
[172月2026 12:49:43.416] [main/DEBUG] [net.minecraftforge.coremod.CoreModEngine/COREMOD]: Loading CoreMod from coremods/method_redirector.js
[172月2026 12:49:43.493] [main/DEBUG] [net.minecraftforge.coremod.CoreModEngine/COREMOD]: CoreMod loaded successfully
[172月2026 12:49:43.511] [main/DEBUG] [cpw.mods.modlauncher.TransformStore/MODLAUNCHER]: Adding transformer net.minecraftforge.coremod.transformer.CoreModClassTransformer@7165d530 to Target : CLASS {Lnet/minecraft/world/level/biome/Biome;} {} {V}
[172月2026 12:49:43.513] [main/DEBUG] [cpw.mods.modlauncher.TransformStore/MODLAUNCHER]: Adding transformer net.minecraftforge.coremod.transformer.CoreModClassTransformer@794366a5 to Target : CLASS {Lnet/minecraft/world/level/levelgen/structure/Structure;} {} {V}
[172月2026 12:49:43.513] [main/DEBUG] [cpw.mods.modlauncher.TransformStore/MODLAUNCHER]: Adding transformer net.minecraftforge.coremod.transformer.CoreModClassTransformer@480b57e2 to Target : CLASS {Lnet/minecraft/world/effect/MobEffectInstance;} {} {V}
[172月2026 12:49:43.514] [main/DEBUG] [cpw.mods.modlauncher.TransformStore/MODLAUNCHER]: Adding transformer net.minecraftforge.coremod.transformer.CoreModClassTransformer@40f35e52 to Target : CLASS {Lnet/minecraft/world/level/block/LiquidBlock;} {} {V}
[172月2026 12:49:43.514] [main/DEBUG] [cpw.mods.modlauncher.TransformStore/MODLAUNCHER]: Adding transformer net.minecraftforge.coremod.transformer.CoreModClassTransformer@340d6d89 to Target : CLASS {Lnet/minecraft/world/item/BucketItem;} {} {V}
[172月2026 12:49:43.514] [main/DEBUG] [cpw.mods.modlauncher.TransformStore/MODLAUNCHER]: Adding transformer net.minecraftforge.coremod.transformer.CoreModClassTransformer@561953e3 to Target : CLASS {Lnet/minecraft/world/level/block/StairBlock;} {} {V}
[172月2026 12:49:43.514] [main/DEBUG] [cpw.mods.modlauncher.TransformStore/MODLAUNCHER]: Adding transformer net.minecraftforge.coremod.transformer.CoreModClassTransformer@443faa85 to Target : CLASS {Lnet/minecraft/world/level/block/FlowerPotBlock;} {} {V}
[172月2026 12:49:43.514] [main/DEBUG] [cpw.mods.modlauncher.TransformStore/MODLAUNCHER]: Adding transformer net.minecraftforge.coremod.transformer.CoreModClassTransformer@1ee47d9e to Target : CLASS {Lnet/minecraft/world/item/ItemStack;} {} {V}
[172月2026 12:49:43.514] [main/DEBUG] [cpw.mods.modlauncher.TransformStore/MODLAUNCHER]: Adding transformer net.minecraftforge.coremod.transformer.CoreModClassTransformer@41da3aee to Target : CLASS {Lnet/minecraft/network/play/client/CClientSettingsPacket;} {} {V}
[172月2026 12:49:43.516] [main/DEBUG] [cpw.mods.modlauncher.TransformStore/MODLAUNCHER]: Adding transformer net.minecraftforge.coremod.transformer.CoreModClassTransformer@5dc0ff7d to Target : CLASS {Lnet/minecraft/world/entity/monster/Strider;} {} {V}
[172月2026 12:49:43.516] [main/DEBUG] [cpw.mods.modlauncher.TransformStore/MODLAUNCHER]: Adding transformer net.minecraftforge.coremod.transformer.CoreModClassTransformer@5dc0ff7d to Target : CLASS {Lnet/minecraft/world/entity/monster/Zombie;} {} {V}
[172月2026 12:49:43.516] [main/DEBUG] [cpw.mods.modlauncher.TransformStore/MODLAUNCHER]: Adding transformer net.minecraftforge.coremod.transformer.CoreModClassTransformer@5dc0ff7d to Target : CLASS {Lnet/minecraft/world/entity/monster/ZombieVillager;} {} {V}
[172月2026 12:49:43.516] [main/DEBUG] [cpw.mods.modlauncher.TransformStore/MODLAUNCHER]: Adding transformer net.minecraftforge.coremod.transformer.CoreModClassTransformer@5dc0ff7d to Target : CLASS {Lnet/minecraft/world/level/levelgen/structure/structures/OceanMonumentPieces$OceanMonumentPiece;} {} {V}
[172月2026 12:49:43.516] [main/DEBUG] [cpw.mods.modlauncher.TransformStore/MODLAUNCHER]: Adding transformer net.minecraftforge.coremod.transformer.CoreModClassTransformer@5dc0ff7d to Target : CLASS {Lnet/minecraft/world/level/levelgen/PhantomSpawner;} {} {V}
[172月2026 12:49:43.517] [main/DEBUG] [cpw.mods.modlauncher.TransformStore/MODLAUNCHER]: Adding transformer net.minecraftforge.coremod.transformer.CoreModClassTransformer@5dc0ff7d to Target : CLASS {Lnet/minecraft/world/entity/ai/village/VillageSiege;} {} {V}
[172月2026 12:49:43.517] [main/DEBUG] [cpw.mods.modlauncher.TransformStore/MODLAUNCHER]: Adding transformer net.minecraftforge.coremod.transformer.CoreModClassTransformer@5dc0ff7d to Target : CLASS {Lnet/minecraft/world/level/NaturalSpawner;} {} {V}
[172月2026 12:49:43.517] [main/DEBUG] [cpw.mods.modlauncher.TransformStore/MODLAUNCHER]: Adding transformer net.minecraftforge.coremod.transformer.CoreModClassTransformer@5dc0ff7d to Target : CLASS {Lnet/minecraft/world/level/levelgen/structure/structures/SwampHutPiece;} {} {V}
[172月2026 12:49:43.517] [main/DEBUG] [cpw.mods.modlauncher.TransformStore/MODLAUNCHER]: Adding transformer net.minecraftforge.coremod.transformer.CoreModClassTransformer@5dc0ff7d to Target : CLASS {Lnet/minecraft/world/level/levelgen/structure/structures/OceanRuinPieces$OceanRuinPiece;} {} {V}
[172月2026 12:49:43.518] [main/DEBUG] [cpw.mods.modlauncher.TransformStore/MODLAUNCHER]: Adding transformer net.minecraftforge.coremod.transformer.CoreModClassTransformer@5dc0ff7d to Target : CLASS {Lnet/minecraft/world/level/levelgen/structure/templatesystem/StructureTemplate;} {} {V}
[172月2026 12:49:43.518] [main/DEBUG] [cpw.mods.modlauncher.TransformStore/MODLAUNCHER]: Adding transformer net.minecraftforge.coremod.transformer.CoreModClassTransformer@5dc0ff7d to Target : CLASS {Lnet/minecraft/world/entity/EntityType;} {} {V}
[172月2026 12:49:43.518] [main/DEBUG] [cpw.mods.modlauncher.TransformStore/MODLAUNCHER]: Adding transformer net.minecraftforge.coremod.transformer.CoreModClassTransformer@5dc0ff7d to Target : CLASS {Lnet/minecraft/world/entity/npc/CatSpawner;} {} {V}
[172月2026 12:49:43.519] [main/DEBUG] [cpw.mods.modlauncher.TransformStore/MODLAUNCHER]: Adding transformer net.minecraftforge.coremod.transformer.CoreModClassTransformer@5dc0ff7d to Target : CLASS {Lnet/minecraft/world/level/levelgen/structure/structures/WoodlandMansionPieces$WoodlandMansionPiece;} {} {V}
[172月2026 12:49:43.519] [main/DEBUG] [cpw.mods.modlauncher.TransformStore/MODLAUNCHER]: Adding transformer net.minecraftforge.coremod.transformer.CoreModClassTransformer@5dc0ff7d to Target : CLASS {Lnet/minecraft/world/entity/animal/frog/Tadpole;} {} {V}
[172月2026 12:49:43.519] [main/DEBUG] [cpw.mods.modlauncher.TransformStore/MODLAUNCHER]: Adding transformer net.minecraftforge.coremod.transformer.CoreModClassTransformer@5dc0ff7d to Target : CLASS {Lnet/minecraft/world/entity/monster/Evoker$EvokerSummonSpellGoal;} {} {V}
[172月2026 12:49:43.519] [main/DEBUG] [cpw.mods.modlauncher.TransformStore/MODLAUNCHER]: Adding transformer net.minecraftforge.coremod.transformer.CoreModClassTransformer@5dc0ff7d to Target : CLASS {Lnet/minecraft/world/entity/monster/Spider;} {} {V}
[172月2026 12:49:43.519] [main/DEBUG] [cpw.mods.modlauncher.TransformStore/MODLAUNCHER]: Adding transformer net.minecraftforge.coremod.transformer.CoreModClassTransformer@5dc0ff7d to Target : CLASS {Lnet/minecraft/world/entity/raid/Raid;} {} {V}
[172月2026 12:49:43.519] [main/DEBUG] [cpw.mods.modlauncher.TransformStore/MODLAUNCHER]: Adding transformer net.minecraftforge.coremod.transformer.CoreModClassTransformer@5dc0ff7d to Target : CLASS {Lnet/minecraft/world/entity/animal/horse/SkeletonTrapGoal;} {} {V}
[172月2026 12:49:43.519] [main/DEBUG] [cpw.mods.modlauncher.TransformStore/MODLAUNCHER]: Adding transformer net.minecraftforge.coremod.transformer.CoreModClassTransformer@5dc0ff7d to Target : CLASS {Lnet/minecraft/server/commands/SummonCommand;} {} {V}
[172月2026 12:49:43.519] [main/DEBUG] [cpw.mods.modlauncher.TransformStore/MODLAUNCHER]: Adding transformer net.minecraftforge.coremod.transformer.CoreModClassTransformer@5dc0ff7d to Target : CLASS {Lnet/minecraft/world/entity/npc/Villager;} {} {V}
[172月2026 12:49:43.521] [main/DEBUG] [cpw.mods.modlauncher.TransformStore/MODLAUNCHER]: Adding transformer net.minecraftforge.coremod.transformer.CoreModClassTransformer@5dc0ff7d to Target : CLASS {Lnet/minecraft/server/commands/RaidCommand;} {} {V}
[172月2026 12:49:43.521] [main/DEBUG] [cpw.mods.modlauncher.TransformStore/MODLAUNCHER]: Adding transformer net.minecraftforge.coremod.transformer.CoreModClassTransformer@5dc0ff7d to Target : CLASS {Lnet/minecraft/world/level/levelgen/PatrolSpawner;} {} {V}
[172月2026 12:49:43.521] [main/DEBUG] [cpw.mods.modlauncher.TransformationServiceDecorator/MODLAUNCHER]: Initialized transformers for transformation service fml
[172月2026 12:49:44.683] [main/DEBUG] [mixin/]: Processing prepare() for PlatformAgent[MixinPlatformAgentDefault:ModLauncher Root Container(ModLauncher:4f56a0a2)]
[172月2026 12:49:44.683] [main/DEBUG] [mixin/]: Registering mixin config: ifeu.mixins.json
[172月2026 12:49:44.703] [main/DEBUG] [mixin/]: Compatibility level JAVA_17 specified by ifeu.mixins.json is higher than the maximum level supported by this version of mixin (JAVA_13).
[172月2026 12:49:44.704] [main/INFO] [mixin/]: Compatibility level set to JAVA_17
[172月2026 12:49:44.704] [main/DEBUG] [mixin/]: Processing launch tasks for PlatformAgent[MixinPlatformAgentDefault:ModLauncher Root Container(ModLauncher:4f56a0a2)]
[172月2026 12:49:44.704] [main/DEBUG] [mixin/]: Adding mixin platform agents for container SecureJarResource(industrialforegoing)
[172月2026 12:49:44.704] [main/DEBUG] [mixin/]: Instancing new MixinPlatformAgentMinecraftForge for SecureJarResource(industrialforegoing)
[172月2026 12:49:44.705] [main/DEBUG] [mixin/]: MixinPlatformAgentMinecraftForge rejected container SecureJarResource(industrialforegoing)
[172月2026 12:49:44.705] [main/DEBUG] [mixin/]: Instancing new MixinPlatformAgentDefault for SecureJarResource(industrialforegoing)
[172月2026 12:49:44.705] [main/DEBUG] [mixin/]: MixinPlatformAgentDefault accepted container SecureJarResource(industrialforegoing)
[172月2026 12:49:44.705] [main/DEBUG] [mixin/]: Processing prepare() for PlatformAgent[MixinPlatformAgentDefault:SecureJarResource(industrialforegoing)]
[172月2026 12:49:44.705] [main/DEBUG] [mixin/]: Adding mixin platform agents for container SecureJarResource(minecraft)
[172月2026 12:49:44.705] [main/DEBUG] [mixin/]: Instancing new MixinPlatformAgentMinecraftForge for SecureJarResource(minecraft)
[172月2026 12:49:44.705] [main/DEBUG] [mixin/]: MixinPlatformAgentMinecraftForge rejected container SecureJarResource(minecraft)
[172月2026 12:49:44.705] [main/DEBUG] [mixin/]: Instancing new MixinPlatformAgentDefault for SecureJarResource(minecraft)
[172月2026 12:49:44.707] [main/DEBUG] [mixin/]: MixinPlatformAgentDefault accepted container SecureJarResource(minecraft)
[172月2026 12:49:44.707] [main/DEBUG] [mixin/]: Processing prepare() for PlatformAgent[MixinPlatformAgentDefault:SecureJarResource(minecraft)]
[172月2026 12:49:44.707] [main/DEBUG] [mixin/]: Adding mixin platform agents for container SecureJarResource(mixinextras)
[172月2026 12:49:44.707] [main/DEBUG] [mixin/]: Instancing new MixinPlatformAgentMinecraftForge for SecureJarResource(mixinextras)
[172月2026 12:49:44.707] [main/DEBUG] [mixin/]: MixinPlatformAgentMinecraftForge rejected container SecureJarResource(mixinextras)
[172月2026 12:49:44.707] [main/DEBUG] [mixin/]: Instancing new MixinPlatformAgentDefault for SecureJarResource(mixinextras)
[172月2026 12:49:44.707] [main/DEBUG] [mixin/]: MixinPlatformAgentDefault accepted container SecureJarResource(mixinextras)
[172月2026 12:49:44.707] [main/DEBUG] [mixin/]: Processing prepare() for PlatformAgent[MixinPlatformAgentDefault:SecureJarResource(mixinextras)]
[172月2026 12:49:44.707] [main/DEBUG] [mixin/]: Registering mixin config: mixinextras.init.mixins.json
[172月2026 12:49:44.710] [main/DEBUG] [mixin/]: Adding mixin platform agents for container SecureJarResource(rhino)
[172月2026 12:49:44.711] [main/DEBUG] [mixin/]: Instancing new MixinPlatformAgentMinecraftForge for SecureJarResource(rhino)
[172月2026 12:49:44.711] [main/DEBUG] [mixin/]: MixinPlatformAgentMinecraftForge rejected container SecureJarResource(rhino)
[172月2026 12:49:44.711] [main/DEBUG] [mixin/]: Instancing new MixinPlatformAgentDefault for SecureJarResource(rhino)
[172月2026 12:49:44.711] [main/DEBUG] [mixin/]: MixinPlatformAgentDefault accepted container SecureJarResource(rhino)
[172月2026 12:49:44.711] [main/DEBUG] [mixin/]: Processing prepare() for PlatformAgent[MixinPlatformAgentDefault:SecureJarResource(rhino)]
[172月2026 12:49:44.711] [main/DEBUG] [mixin/]: Registering mixin config: rhino-common.mixins.json
[172月2026 12:49:44.714] [main/DEBUG] [mixin/]: Adding mixin platform agents for container SecureJarResource(titanium)
[172月2026 12:49:44.714] [main/DEBUG] [mixin/]: Instancing new MixinPlatformAgentMinecraftForge for SecureJarResource(titanium)
[172月2026 12:49:44.714] [main/DEBUG] [mixin/]: MixinPlatformAgentMinecraftForge rejected container SecureJarResource(titanium)
[172月2026 12:49:44.714] [main/DEBUG] [mixin/]: Instancing new MixinPlatformAgentDefault for SecureJarResource(titanium)
[172月2026 12:49:44.714] [main/DEBUG] [mixin/]: MixinPlatformAgentDefault accepted container SecureJarResource(titanium)
[172月2026 12:49:44.714] [main/DEBUG] [mixin/]: Processing prepare() for PlatformAgent[MixinPlatformAgentDefault:SecureJarResource(titanium)]
[172月2026 12:49:44.714] [main/DEBUG] [mixin/]: Adding mixin platform agents for container SecureJarResource(forge)
[172月2026 12:49:44.714] [main/DEBUG] [mixin/]: Instancing new MixinPlatformAgentMinecraftForge for SecureJarResource(forge)
[172月2026 12:49:44.715] [main/DEBUG] [mixin/]: MixinPlatformAgentMinecraftForge rejected container SecureJarResource(forge)
[172月2026 12:49:44.715] [main/DEBUG] [mixin/]: Instancing new MixinPlatformAgentDefault for SecureJarResource(forge)
[172月2026 12:49:44.715] [main/DEBUG] [mixin/]: MixinPlatformAgentDefault accepted container SecureJarResource(forge)
[172月2026 12:49:44.715] [main/DEBUG] [mixin/]: Processing prepare() for PlatformAgent[MixinPlatformAgentDefault:SecureJarResource(forge)]
[172月2026 12:49:44.717] [main/DEBUG] [mixin/]: Adding mixin platform agents for container SecureJarResource(architectury)
[172月2026 12:49:44.717] [main/DEBUG] [mixin/]: Instancing new MixinPlatformAgentMinecraftForge for SecureJarResource(architectury)
[172月2026 12:49:44.717] [main/DEBUG] [mixin/]: MixinPlatformAgentMinecraftForge rejected container SecureJarResource(architectury)
[172月2026 12:49:44.717] [main/DEBUG] [mixin/]: Instancing new MixinPlatformAgentDefault for SecureJarResource(architectury)
[172月2026 12:49:44.718] [main/DEBUG] [mixin/]: MixinPlatformAgentDefault accepted container SecureJarResource(architectury)
[172月2026 12:49:44.718] [main/DEBUG] [mixin/]: Processing prepare() for PlatformAgent[MixinPlatformAgentDefault:SecureJarResource(architectury)]
[172月2026 12:49:44.718] [main/DEBUG] [mixin/]: Registering mixin config: architectury.mixins.json
[172月2026 12:49:44.720] [main/DEBUG] [mixin/]: Compatibility level JAVA_16 specified by architectury.mixins.json is higher than the maximum level supported by this version of mixin (JAVA_13).
[172月2026 12:49:44.720] [main/DEBUG] [mixin/]: Registering mixin config: architectury-common.mixins.json
[172月2026 12:49:44.723] [main/DEBUG] [mixin/]: Compatibility level JAVA_16 specified by architectury-common.mixins.json is higher than the maximum level supported by this version of mixin (JAVA_13).
[172月2026 12:49:44.724] [main/DEBUG] [mixin/]: Adding mixin platform agents for container SecureJarResource(ifeu)
[172月2026 12:49:44.725] [main/DEBUG] [mixin/]: Instancing new MixinPlatformAgentMinecraftForge for SecureJarResource(ifeu)
[172月2026 12:49:44.725] [main/DEBUG] [mixin/]: MixinPlatformAgentMinecraftForge rejected container SecureJarResource(ifeu)
[172月2026 12:49:44.725] [main/DEBUG] [mixin/]: Instancing new MixinPlatformAgentDefault for SecureJarResource(ifeu)
[172月2026 12:49:44.725] [main/DEBUG] [mixin/]: MixinPlatformAgentDefault accepted container SecureJarResource(ifeu)
[172月2026 12:49:44.725] [main/DEBUG] [mixin/]: Processing prepare() for PlatformAgent[MixinPlatformAgentDefault:SecureJarResource(ifeu)]
[172月2026 12:49:44.725] [main/DEBUG] [mixin/]: Adding mixin platform agents for container SecureJarResource(jei)
[172月2026 12:49:44.726] [main/DEBUG] [mixin/]: Instancing new MixinPlatformAgentMinecraftForge for SecureJarResource(jei)
[172月2026 12:49:44.726] [main/DEBUG] [mixin/]: MixinPlatformAgentMinecraftForge rejected container SecureJarResource(jei)
[172月2026 12:49:44.726] [main/DEBUG] [mixin/]: Instancing new MixinPlatformAgentDefault for SecureJarResource(jei)
[172月2026 12:49:44.726] [main/DEBUG] [mixin/]: MixinPlatformAgentDefault accepted container SecureJarResource(jei)
[172月2026 12:49:44.726] [main/DEBUG] [mixin/]: Processing prepare() for PlatformAgent[MixinPlatformAgentDefault:SecureJarResource(jei)]
[172月2026 12:49:44.726] [main/DEBUG] [mixin/]: Adding mixin platform agents for container SecureJarResource(kubejs)
[172月2026 12:49:44.726] [main/DEBUG] [mixin/]: Instancing new MixinPlatformAgentMinecraftForge for SecureJarResource(kubejs)
[172月2026 12:49:44.727] [main/DEBUG] [mixin/]: MixinPlatformAgentMinecraftForge rejected container SecureJarResource(kubejs)
[172月2026 12:49:44.727] [main/DEBUG] [mixin/]: Instancing new MixinPlatformAgentDefault for SecureJarResource(kubejs)
[172月2026 12:49:44.727] [main/DEBUG] [mixin/]: MixinPlatformAgentDefault accepted container SecureJarResource(kubejs)
[172月2026 12:49:44.727] [main/DEBUG] [mixin/]: Processing prepare() for PlatformAgent[MixinPlatformAgentDefault:SecureJarResource(kubejs)]
[172月2026 12:49:44.727] [main/DEBUG] [mixin/]: Registering mixin config: kubejs-forge.mixins.json
[172月2026 12:49:44.729] [main/DEBUG] [mixin/]: Registering mixin config: kubejs-common.mixins.json
[172月2026 12:49:44.732] [main/DEBUG] [mixin/]: Adding mixin platform agents for container SecureJarResource(MixinExtras.rc._2)
[172月2026 12:49:44.732] [main/DEBUG] [mixin/]: Instancing new MixinPlatformAgentMinecraftForge for SecureJarResource(MixinExtras.rc._2)
[172月2026 12:49:44.732] [main/DEBUG] [mixin/]: MixinPlatformAgentMinecraftForge rejected container SecureJarResource(MixinExtras.rc._2)
[172月2026 12:49:44.732] [main/DEBUG] [mixin/]: Instancing new MixinPlatformAgentDefault for SecureJarResource(MixinExtras.rc._2)
[172月2026 12:49:44.733] [main/DEBUG] [mixin/]: MixinPlatformAgentDefault accepted container SecureJarResource(MixinExtras.rc._2)
[172月2026 12:49:44.733] [main/DEBUG] [mixin/]: Processing prepare() for PlatformAgent[MixinPlatformAgentDefault:SecureJarResource(MixinExtras.rc._2)]
[172月2026 12:49:44.733] [main/DEBUG] [mixin/]: inject() running with 12 agents
[172月2026 12:49:44.733] [main/DEBUG] [mixin/]: Processing inject() for PlatformAgent[MixinPlatformAgentDefault:ModLauncher Root Container(ModLauncher:4f56a0a2)]
[172月2026 12:49:44.733] [main/DEBUG] [mixin/]: Processing inject() for PlatformAgent[MixinPlatformAgentDefault:SecureJarResource(industrialforegoing)]
[172月2026 12:49:44.733] [main/DEBUG] [mixin/]: Processing inject() for PlatformAgent[MixinPlatformAgentDefault:SecureJarResource(minecraft)]
[172月2026 12:49:44.734] [main/DEBUG] [mixin/]: Processing inject() for PlatformAgent[MixinPlatformAgentDefault:SecureJarResource(mixinextras)]
[172月2026 12:49:44.734] [main/DEBUG] [mixin/]: Processing inject() for PlatformAgent[MixinPlatformAgentDefault:SecureJarResource(rhino)]
[172月2026 12:49:44.734] [main/DEBUG] [mixin/]: Processing inject() for PlatformAgent[MixinPlatformAgentDefault:SecureJarResource(titanium)]
[172月2026 12:49:44.735] [main/DEBUG] [mixin/]: Processing inject() for PlatformAgent[MixinPlatformAgentDefault:SecureJarResource(forge)]
[172月2026 12:49:44.735] [main/DEBUG] [mixin/]: Processing inject() for PlatformAgent[MixinPlatformAgentDefault:SecureJarResource(architectury)]
[172月2026 12:49:44.735] [main/DEBUG] [mixin/]: Processing inject() for PlatformAgent[MixinPlatformAgentDefault:SecureJarResource(ifeu)]
[172月2026 12:49:44.735] [main/DEBUG] [mixin/]: Processing inject() for PlatformAgent[MixinPlatformAgentDefault:SecureJarResource(jei)]
[172月2026 12:49:44.735] [main/DEBUG] [mixin/]: Processing inject() for PlatformAgent[MixinPlatformAgentDefault:SecureJarResource(kubejs)]
[172月2026 12:49:44.735] [main/DEBUG] [mixin/]: Processing inject() for PlatformAgent[MixinPlatformAgentDefault:SecureJarResource(MixinExtras.rc._2)]
[172月2026 12:49:44.735] [main/INFO] [cpw.mods.modlauncher.LaunchServiceHandler/MODLAUNCHER]: Launching target 'forgedatauserdev' with arguments [--gameDir, ., --assetsDir, C:\Users\18703\.gradle\caches\forge_gradle\assets, --assetIndex, 5, --mod, ifeu, --all, --output, K:\mod\my_mods\IndustrialForegoingExtraUpgrades\src\generated\resources, --existing, K:\mod\my_mods\IndustrialForegoingExtraUpgrades\src\main\resources]
[172月2026 12:49:44.891] [main/INFO] [mixin/]: Attempting to load Fernflower decompiler (Threaded mode)
[172月2026 12:49:44.892] [main/INFO] [mixin/]: Fernflower could not be loaded, exported classes will not be decompiled. NoClassDefFoundError: org/jetbrains/java/decompiler/main/extern/IResultSaver
[172月2026 12:49:45.057] [main/DEBUG] [mixin/]: Preparing mixins for MixinEnvironment[DEFAULT]
[172月2026 12:49:45.058] [main/DEBUG] [mixin/]: Selecting config ifeu.mixins.json
[172月2026 12:49:45.063] [main/WARN] [mixin/]: Reference map 'ifeu.refmap.json' for ifeu.mixins.json could not be read. If this is a development environment you can ignore this message
[172月2026 12:49:45.065] [main/DEBUG] [mixin/]: Selecting config mixinextras.init.mixins.json
[172月2026 12:49:45.111] [main/DEBUG] [MixinExtras|Service/]: com.llamalad7.mixinextras.service.MixinExtrasServiceImpl(version=0.2.0-rc.2) is taking over from null
[172月2026 12:49:45.162] [main/DEBUG] [mixin/]: Registering new injector for @Inject with org.spongepowered.asm.mixin.injection.struct.CallbackInjectionInfo
[172月2026 12:49:45.164] [main/DEBUG] [mixin/]: Registering new injector for @ModifyArg with org.spongepowered.asm.mixin.injection.struct.ModifyArgInjectionInfo
[172月2026 12:49:45.166] [main/DEBUG] [mixin/]: Registering new injector for @ModifyArgs with org.spongepowered.asm.mixin.injection.struct.ModifyArgsInjectionInfo
[172月2026 12:49:45.167] [main/DEBUG] [mixin/]: Registering new injector for @Redirect with org.spongepowered.asm.mixin.injection.struct.RedirectInjectionInfo
[172月2026 12:49:45.170] [main/DEBUG] [mixin/]: Registering new injector for @ModifyVariable with org.spongepowered.asm.mixin.injection.struct.ModifyVariableInjectionInfo
[172月2026 12:49:45.174] [main/DEBUG] [mixin/]: Registering new injector for @ModifyConstant with org.spongepowered.asm.mixin.injection.struct.ModifyConstantInjectionInfo
[172月2026 12:49:45.195] [main/DEBUG] [mixin/]: Selecting config rhino-common.mixins.json
[172月2026 12:49:45.527] [main/INFO] [mixin/]: Remapping refMap rhino-common-refmap.json using K:\mod\my_mods\IndustrialForegoingExtraUpgrades/build/createSrgToMcp/output.srg
[172月2026 12:49:45.528] [main/DEBUG] [mixin/]: Selecting config architectury.mixins.json
[172月2026 12:49:45.530] [main/INFO] [mixin/]: Remapping refMap architectury-forge-refmap.json using K:\mod\my_mods\IndustrialForegoingExtraUpgrades/build/createSrgToMcp/output.srg
[172月2026 12:49:45.530] [main/DEBUG] [mixin/]: Selecting config architectury-common.mixins.json
[172月2026 12:49:45.534] [main/INFO] [mixin/]: Remapping refMap architectury-common-refmap.json using K:\mod\my_mods\IndustrialForegoingExtraUpgrades/build/createSrgToMcp/output.srg
[172月2026 12:49:45.534] [main/DEBUG] [mixin/]: Selecting config kubejs-forge.mixins.json
[172月2026 12:49:45.536] [main/INFO] [mixin/]: Remapping refMap kubejs-forge-refmap.json using K:\mod\my_mods\IndustrialForegoingExtraUpgrades/build/createSrgToMcp/output.srg
[172月2026 12:49:45.536] [main/DEBUG] [mixin/]: Selecting config kubejs-common.mixins.json
[172月2026 12:49:45.538] [main/INFO] [mixin/]: Remapping refMap kubejs-common-refmap.json using K:\mod\my_mods\IndustrialForegoingExtraUpgrades/build/createSrgToMcp/output.srg
[172月2026 12:49:45.539] [main/DEBUG] [mixin/]: Preparing ifeu.mixins.json (6)
[172月2026 12:49:45.592] [main/DEBUG] [mixin/]: Preparing mixinextras.init.mixins.json (0)
[172月2026 12:49:45.592] [main/DEBUG] [mixin/]: Preparing rhino-common.mixins.json (8)
[172月2026 12:49:45.615] [main/DEBUG] [mixin/]: Preparing architectury.mixins.json (9)
[172月2026 12:49:45.661] [main/DEBUG] [mixin/]: Preparing architectury-common.mixins.json (10)
[172月2026 12:49:45.674] [main/DEBUG] [net.minecraftforge.coremod.transformer.CoreModBaseTransformer/COREMOD]: Transforming net/minecraft/world/item/BucketItem
[172月2026 12:49:45.688] [main/DEBUG] [net.minecraftforge.coremod.transformer.CoreModBaseTransformer/COREMOD]: Transforming net/minecraft/world/entity/EntityType
[172月2026 12:49:45.906] [main/DEBUG] [net.minecraftforge.coremod.transformer.CoreModBaseTransformer/COREMOD]: Transforming net/minecraft/world/level/block/LiquidBlock
[172月2026 12:49:45.914] [main/DEBUG] [mixin/]: Preparing kubejs-forge.mixins.json (7)
[172月2026 12:49:45.958] [main/DEBUG] [mixin/]: Preparing kubejs-common.mixins.json (55)
[172月2026 12:49:46.016] [main/DEBUG] [mixin/]: @Mixin target net/minecraft/world/item/crafting/Ingredient$TagValue is public in kubejs-common.mixins.json:IngredientTagValueMixin and should be specified in value
[172月2026 12:49:46.023] [main/DEBUG] [net.minecraftforge.coremod.transformer.CoreModBaseTransformer/COREMOD]: Transforming net/minecraft/world/item/ItemStack
[172月2026 12:49:46.225] [main/WARN] [mixin/]: Error loading class: mezz/modnametooltip/TooltipEventHandler (java.lang.ClassNotFoundException: mezz.modnametooltip.TooltipEventHandler)
[172月2026 12:49:46.225] [main/DEBUG] [mixin/]: Skipping virtual target mezz/modnametooltip/TooltipEventHandler for kubejs-common.mixins.json:mod.ModNameTooltipMixin
[172月2026 12:49:46.228] [main/WARN] [mixin/]: Error loading class: me/shedaniel/rei/impl/client/ClientHelperImpl (java.lang.ClassNotFoundException: me.shedaniel.rei.impl.client.ClientHelperImpl)
[172月2026 12:49:46.228] [main/DEBUG] [mixin/]: Skipping virtual target me/shedaniel/rei/impl/client/ClientHelperImpl for kubejs-common.mixins.json:mod.REITooltipMixin
[172月2026 12:49:46.263] [main/DEBUG] [mixin/]: Inner class dev/latvian/mods/kubejs/core/mixin/common/GameRulesMixin$1 in dev/latvian/mods/kubejs/core/mixin/common/GameRulesMixin on net/minecraft/world/level/GameRules gets unique name net/minecraft/world/level/GameRules$Anonymous$6d31b07fccc94312b5d40b4f54306fef
[172月2026 12:49:46.284] [main/DEBUG] [mixin/]: Prepared 93 mixins in 1.225 sec (13.2ms avg) (0ms load, 0ms transform, 0ms plugin)
[172月2026 12:49:46.494] [main/DEBUG] [io.netty.util.internal.logging.InternalLoggerFactory/]: Using SLF4J as the default logging framework
[172月2026 12:49:46.498] [main/DEBUG] [io.netty.util.ResourceLeakDetector/]: -Dio.netty.leakDetection.level: simple
[172月2026 12:49:46.498] [main/DEBUG] [io.netty.util.ResourceLeakDetector/]: -Dio.netty.leakDetection.targetRecords: 4
[172月2026 12:49:46.521] [main/INFO] [MixinExtras|Service/]: Initializing MixinExtras via com.llamalad7.mixinextras.service.MixinExtrasServiceImpl(version=0.2.0-rc.2).
[172月2026 12:49:46.530] [main/DEBUG] [mixin/]: Mixing components.MutableComponentMixin from kubejs-common.mixins.json into net.minecraft.network.chat.MutableComponent
[172月2026 12:49:46.587] [main/DEBUG] [mixin/]: Mixing TextColorMixin from rhino-common.mixins.json into net.minecraft.network.chat.TextColor
[172月2026 12:49:46.627] [main/DEBUG] [mixin/]: Mixing ChatFormattingMixin from rhino-common.mixins.json into net.minecraft.ChatFormatting
[172月2026 12:49:46.746] [main/DEBUG] [mixin/]: Mixing ResourceLocationMixin from rhino-common.mixins.json into net.minecraft.resources.ResourceLocation
[172月2026 12:49:46.785] [main/INFO] [net.minecraftforge.data.loading.DatagenModLoader/]: Initializing Data Gatherer for mods [ifeu]
[172月2026 12:49:46.805] [main/DEBUG] [mixin/]: Mixing ResourceKeyMixin from rhino-common.mixins.json into net.minecraft.resources.ResourceKey
[172月2026 12:49:46.846] [main/DEBUG] [mixin/]: Mixing UtilMixin from kubejs-common.mixins.json into net.minecraft.Util
[172月2026 12:49:46.997] [main/DEBUG] [mixin/]: Mixing inject.MixinGameEvent from architectury-common.mixins.json into net.minecraft.world.level.gameevent.GameEvent
[172月2026 12:49:47.060] [main/DEBUG] [mixin/]: Mixing inject.MixinBlock from architectury-common.mixins.json into net.minecraft.world.level.block.Block
[172月2026 12:49:47.060] [main/DEBUG] [mixin/]: Mixing BlockMixin from kubejs-common.mixins.json into net.minecraft.world.level.block.Block
[172月2026 12:49:47.089] [main/DEBUG] [mixin/]: Mixing BlockBehaviourMixin from kubejs-common.mixins.json into net.minecraft.world.level.block.state.BlockBehaviour
[172月2026 12:49:47.184] [main/DEBUG] [mixin/]: Mixing BlockStateBaseMixin from kubejs-common.mixins.json into net.minecraft.world.level.block.state.BlockBehaviour$BlockStateBase
[172月2026 12:49:47.218] [main/DEBUG] [mixin/]: Mixing LevelMixin from kubejs-common.mixins.json into net.minecraft.world.level.Level
[172月2026 12:49:47.274] [main/DEBUG] [mixin/]: Mixing ServerLevelMixin from kubejs-common.mixins.json into net.minecraft.server.level.ServerLevel
[172月2026 12:49:47.344] [main/DEBUG] [mixin/]: Mixing EntityMixin from kubejs-forge.mixins.json into net.minecraft.world.entity.Entity
[172月2026 12:49:47.345] [main/DEBUG] [mixin/]: Mixing EntityMixin from kubejs-common.mixins.json into net.minecraft.world.entity.Entity
[172月2026 12:49:47.429] [main/DEBUG] [mixin/]: Mixing LivingEntityMixin from kubejs-common.mixins.json into net.minecraft.world.entity.LivingEntity
[172月2026 12:49:47.500] [main/DEBUG] [mixin/]: Mixing PlayerMixin from kubejs-common.mixins.json into net.minecraft.world.entity.player.Player
[172月2026 12:49:47.537] [main/DEBUG] [mixin/]: Mixing ItemEntityMixin from kubejs-common.mixins.json into net.minecraft.world.entity.item.ItemEntity
[172月2026 12:49:47.582] [main/DEBUG] [mixin/]: Mixing inject.MixinFluid from architectury-common.mixins.json into net.minecraft.world.level.material.Fluid
[172月2026 12:49:47.592] [main/DEBUG] [mixin/]: Mixing inject.MixinItem from architectury-common.mixins.json into net.minecraft.world.item.Item
[172月2026 12:49:47.594] [main/DEBUG] [mixin/]: Mixing ItemMixin from kubejs-common.mixins.json into net.minecraft.world.item.Item
[172月2026 12:49:47.766] [main/DEBUG] [net.minecraftforge.coremod.transformer.CoreModBaseTransformer/COREMOD]: Transforming net/minecraft/world/entity/EntityType
[172月2026 12:49:47.811] [main/DEBUG] [mixin/]: Mixing inject.MixinEntityType from architectury-common.mixins.json into net.minecraft.world.entity.EntityType
[172月2026 12:49:47.920] [main/DEBUG] [mixin/]: Mixing CreativeModeTabMixin from kubejs-common.mixins.json into net.minecraft.world.item.CreativeModeTab
[172月2026 12:49:47.933] [main/DEBUG] [mixin/]: Mixing DirectionMixin from rhino-common.mixins.json into net.minecraft.core.Direction
[172月2026 12:49:48.145] [main/DEBUG] [net.minecraftforge.coremod.transformer.CoreModBaseTransformer/COREMOD]: Transforming net/minecraft/world/level/block/LiquidBlock
[172月2026 12:49:48.145] [main/DEBUG] [mixin/]: Mixing inject.MixinLiquidBlock from architectury-common.mixins.json into net.minecraft.world.level.block.LiquidBlock
[172月2026 12:49:48.189] [main/DEBUG] [net.minecraftforge.coremod.transformer.CoreModBaseTransformer/COREMOD]: Transforming net/minecraft/world/level/block/StairBlock
[172月2026 12:49:48.272] [main/DEBUG] [net.minecraftforge.coremod.transformer.CoreModBaseTransformer/COREMOD]: Transforming net/minecraft/world/level/block/FlowerPotBlock
[172月2026 12:49:48.538] [main/DEBUG] [mixin/]: Mixing DyeColorMixin from rhino-common.mixins.json into net.minecraft.world.item.DyeColor
[172月2026 12:49:48.565] [main/DEBUG] [mixin/]: Mixing MixinFallingBlockEntity from architectury.mixins.json into net.minecraft.world.entity.item.FallingBlockEntity
[172月2026 12:49:48.643] [main/DEBUG] [mixin/]: Mixing ContainerMixin from kubejs-common.mixins.json into net.minecraft.world.Container
[172月2026 12:49:49.218] [main/DEBUG] [net.minecraftforge.coremod.transformer.CoreModBaseTransformer/COREMOD]: Transforming net/minecraft/world/item/ItemStack
[172月2026 12:49:49.219] [main/DEBUG] [mixin/]: Mixing ItemStackMixin from kubejs-common.mixins.json into net.minecraft.world.item.ItemStack
[172月2026 12:49:49.751] [main/DEBUG] [mixin/]: Mixing MixinLightningBolt from architectury-common.mixins.json into net.minecraft.world.entity.LightningBolt
[172月2026 12:49:49.835] [main/DEBUG] [net.minecraftforge.coremod.transformer.CoreModBaseTransformer/COREMOD]: Transforming net/minecraft/world/entity/animal/frog/Tadpole
[172月2026 12:49:49.881] [main/DEBUG] [mixin/]: Mixing tools.ArmorItemMixin from kubejs-common.mixins.json into net.minecraft.world.item.ArmorItem
[172月2026 12:49:49.898] [main/DEBUG] [mixin/]: Mixing tools.SwordItemMixin from kubejs-common.mixins.json into net.minecraft.world.item.SwordItem
[172月2026 12:49:49.910] [main/DEBUG] [mixin/]: Mixing tools.DiggerItemMixin from kubejs-common.mixins.json into net.minecraft.world.item.DiggerItem
[172月2026 12:49:49.924] [main/DEBUG] [net.minecraftforge.coremod.transformer.CoreModBaseTransformer/COREMOD]: Transforming net/minecraft/world/item/BucketItem
[172月2026 12:49:49.926] [main/DEBUG] [mixin/]: Mixing inject.MixinBucketItem from architectury-common.mixins.json into net.minecraft.world.item.BucketItem
[172月2026 12:49:49.965] [main/DEBUG] [mixin/]: Mixing tools.TridentItemMixin from kubejs-common.mixins.json into net.minecraft.world.item.TridentItem
[172月2026 12:49:49.983] [main/DEBUG] [mixin/]: Mixing inject.MixinItemProperties from architectury-common.mixins.json into net.minecraft.world.item.Item$Properties
[172月2026 12:49:50.351] [main/DEBUG] [mixin/]: Mixing StringTagMixin from rhino-common.mixins.json into net.minecraft.nbt.StringTag
[172月2026 12:49:50.927] [main/DEBUG] [net.minecraftforge.coremod.transformer.CoreModBaseTransformer/COREMOD]: Transforming net/minecraft/world/entity/monster/Spider
[172月2026 12:49:51.036] [main/DEBUG] [net.minecraftforge.coremod.transformer.CoreModBaseTransformer/COREMOD]: Transforming net/minecraft/world/entity/monster/Zombie
[172月2026 12:49:51.075] [main/DEBUG] [net.minecraftforge.coremod.transformer.CoreModBaseTransformer/COREMOD]: Transforming net/minecraft/world/entity/monster/ZombieVillager
[172月2026 12:49:51.172] [main/DEBUG] [net.minecraftforge.coremod.transformer.CoreModBaseTransformer/COREMOD]: Transforming net/minecraft/world/entity/monster/Evoker$EvokerSummonSpellGoal
[172月2026 12:49:51.203] [main/DEBUG] [mixin/]: Mixing FireworkRocketEntityMixin from kubejs-common.mixins.json into net.minecraft.world.entity.projectile.FireworkRocketEntity
[172月2026 12:49:51.254] [main/DEBUG] [mixin/]: Mixing ItemFrameEntityMixin from kubejs-common.mixins.json into net.minecraft.world.entity.decoration.ItemFrame
[172月2026 12:49:51.397] [main/DEBUG] [mixin/]: Mixing CraftingContainerMixin from kubejs-common.mixins.json into net.minecraft.world.inventory.CraftingContainer
[172月2026 12:49:51.418] [main/DEBUG] [net.minecraftforge.coremod.transformer.CoreModBaseTransformer/COREMOD]: Transforming net/minecraft/world/entity/animal/horse/SkeletonTrapGoal
[172月2026 12:49:51.443] [main/DEBUG] [net.minecraftforge.coremod.transformer.CoreModBaseTransformer/COREMOD]: Transforming net/minecraft/world/entity/monster/Strider
[172月2026 12:49:51.577] [main/DEBUG] [mixin/]: Mixing ServerPlayerMixin from kubejs-common.mixins.json into net.minecraft.server.level.ServerPlayer
[172月2026 12:49:51.651] [main/DEBUG] [net.minecraftforge.coremod.transformer.CoreModBaseTransformer/COREMOD]: Transforming net/minecraft/world/entity/npc/Villager
[172月2026 12:49:51.775] [main/DEBUG] [mixin/]: Mixing IngredientMixin from kubejs-common.mixins.json into net.minecraft.world.item.crafting.Ingredient
[172月2026 12:49:51.787] [main/DEBUG] [mixin/]: Mixing inject.MixinFoodPropertiesBuilder from architectury-common.mixins.json into net.minecraft.world.food.FoodProperties$Builder
[172月2026 12:49:51.792] [main/DEBUG] [net.minecraftforge.coremod.transformer.CoreModBaseTransformer/COREMOD]: Transforming net/minecraft/world/effect/MobEffectInstance
[172月2026 12:49:51.877] [main/DEBUG] [mixin/]: Mixing NumericTagMixin from rhino-common.mixins.json into net.minecraft.nbt.NumericTag
[172月2026 12:49:51.942] [main/DEBUG] [mixin/]: Mixing IItemHandlerMixin from kubejs-forge.mixins.json into net.minecraftforge.items.IItemHandler
[172月2026 12:49:52.020] [main/DEBUG] [mixin/]: Mixing RecipeMixin from kubejs-common.mixins.json into net.minecraft.world.item.crafting.Recipe
[172月2026 12:49:52.416] [main/DEBUG] [net.minecraftforge.coremod.transformer.CoreModBaseTransformer/COREMOD]: Transforming net/minecraft/world/level/levelgen/structure/Structure
[172月2026 12:49:52.455] [main/DEBUG] [net.minecraftforge.coremod.transformer.CoreModBaseTransformer/COREMOD]: Transforming net/minecraft/world/level/levelgen/structure/structures/OceanRuinPieces$OceanRuinPiece
[172月2026 12:49:52.465] [main/DEBUG] [net.minecraftforge.coremod.transformer.CoreModBaseTransformer/COREMOD]: Transforming net/minecraft/world/level/levelgen/structure/structures/SwampHutPiece
[172月2026 12:49:52.478] [main/DEBUG] [net.minecraftforge.coremod.transformer.CoreModBaseTransformer/COREMOD]: Transforming net/minecraft/world/level/levelgen/structure/structures/OceanMonumentPieces$OceanMonumentPiece
[172月2026 12:49:52.492] [main/DEBUG] [net.minecraftforge.coremod.transformer.CoreModBaseTransformer/COREMOD]: Transforming net/minecraft/world/level/levelgen/structure/structures/WoodlandMansionPieces$WoodlandMansionPiece
[172月2026 12:49:52.612] [main/DEBUG] [net.minecraftforge.coremod.transformer.CoreModBaseTransformer/COREMOD]: Transforming net/minecraft/world/level/biome/Biome
[172月2026 12:49:52.820] [main/DEBUG] [net.minecraftforge.registries.GameData/REGISTRIES]: Creating vanilla freeze snapshot
[172月2026 12:49:52.824] [main/DEBUG] [net.minecraftforge.registries.ForgeRegistry/REGISTRIES]: Registry minecraft:block Sync: VANILLA -> ACTIVE
[172月2026 12:49:52.837] [main/DEBUG] [net.minecraftforge.registries.ForgeRegistry/REGISTRIES]: Registry minecraft:fluid Sync: VANILLA -> ACTIVE
[172月2026 12:49:52.837] [main/DEBUG] [net.minecraftforge.registries.ForgeRegistry/REGISTRIES]: Registry minecraft:item Sync: VANILLA -> ACTIVE
[172月2026 12:49:52.849] [main/DEBUG] [net.minecraftforge.registries.ForgeRegistry/REGISTRIES]: Registry minecraft:mob_effect Sync: VANILLA -> ACTIVE
[172月2026 12:49:52.851] [main/DEBUG] [net.minecraftforge.registries.ForgeRegistry/REGISTRIES]: Registry minecraft:sound_event Sync: VANILLA -> ACTIVE
[172月2026 12:49:52.865] [main/DEBUG] [net.minecraftforge.registries.ForgeRegistry/REGISTRIES]: Registry minecraft:potion Sync: VANILLA -> ACTIVE
[172月2026 12:49:52.866] [main/DEBUG] [net.minecraftforge.registries.ForgeRegistry/REGISTRIES]: Registry minecraft:enchantment Sync: VANILLA -> ACTIVE
[172月2026 12:49:52.866] [main/DEBUG] [net.minecraftforge.registries.ForgeRegistry/REGISTRIES]: Registry minecraft:entity_type Sync: VANILLA -> ACTIVE
[172月2026 12:49:52.867] [main/DEBUG] [net.minecraftforge.registries.ForgeRegistry/REGISTRIES]: Registry minecraft:block_entity_type Sync: VANILLA -> ACTIVE
[172月2026 12:49:52.868] [main/DEBUG] [net.minecraftforge.registries.ForgeRegistry/REGISTRIES]: Registry minecraft:particle_type Sync: VANILLA -> ACTIVE
[172月2026 12:49:52.869] [main/DEBUG] [net.minecraftforge.registries.ForgeRegistry/REGISTRIES]: Registry minecraft:menu Sync: VANILLA -> ACTIVE
[172月2026 12:49:52.869] [main/DEBUG] [net.minecraftforge.registries.ForgeRegistry/REGISTRIES]: Registry minecraft:painting_variant Sync: VANILLA -> ACTIVE
[172月2026 12:49:52.870] [main/DEBUG] [net.minecraftforge.registries.ForgeRegistry/REGISTRIES]: Registry minecraft:recipe_type Sync: VANILLA -> ACTIVE
[172月2026 12:49:52.871] [main/DEBUG] [net.minecraftforge.registries.ForgeRegistry/REGISTRIES]: Registry minecraft:recipe_serializer Sync: VANILLA -> ACTIVE
[172月2026 12:49:52.871] [main/DEBUG] [net.minecraftforge.registries.ForgeRegistry/REGISTRIES]: Registry minecraft:attribute Sync: VANILLA -> ACTIVE
[172月2026 12:49:52.871] [main/DEBUG] [net.minecraftforge.registries.ForgeRegistry/REGISTRIES]: Registry minecraft:stat_type Sync: VANILLA -> ACTIVE
[172月2026 12:49:52.872] [main/DEBUG] [net.minecraftforge.registries.ForgeRegistry/REGISTRIES]: Registry minecraft:command_argument_type Sync: VANILLA -> ACTIVE
[172月2026 12:49:52.873] [main/DEBUG] [net.minecraftforge.registries.ForgeRegistry/REGISTRIES]: Registry minecraft:villager_profession Sync: VANILLA -> ACTIVE
[172月2026 12:49:52.874] [main/DEBUG] [net.minecraftforge.registries.ForgeRegistry/REGISTRIES]: Registry minecraft:point_of_interest_type Sync: VANILLA -> ACTIVE
[172月2026 12:49:52.877] [main/DEBUG] [net.minecraftforge.registries.ForgeRegistry/REGISTRIES]: Registry minecraft:memory_module_type Sync: VANILLA -> ACTIVE
[172月2026 12:49:52.878] [main/DEBUG] [net.minecraftforge.registries.ForgeRegistry/REGISTRIES]: Registry minecraft:sensor_type Sync: VANILLA -> ACTIVE
[172月2026 12:49:52.878] [main/DEBUG] [net.minecraftforge.registries.ForgeRegistry/REGISTRIES]: Registry minecraft:schedule Sync: VANILLA -> ACTIVE
[172月2026 12:49:52.878] [main/DEBUG] [net.minecraftforge.registries.ForgeRegistry/REGISTRIES]: Registry minecraft:activity Sync: VANILLA -> ACTIVE
[172月2026 12:49:52.879] [main/DEBUG] [net.minecraftforge.registries.ForgeRegistry/REGISTRIES]: Registry minecraft:worldgen/carver Sync: VANILLA -> ACTIVE
[172月2026 12:49:52.879] [main/DEBUG] [net.minecraftforge.registries.ForgeRegistry/REGISTRIES]: Registry minecraft:worldgen/feature Sync: VANILLA -> ACTIVE
[172月2026 12:49:52.880] [main/DEBUG] [net.minecraftforge.registries.ForgeRegistry/REGISTRIES]: Registry minecraft:chunk_status Sync: VANILLA -> ACTIVE
[172月2026 12:49:52.880] [main/DEBUG] [net.minecraftforge.registries.ForgeRegistry/REGISTRIES]: Registry minecraft:worldgen/block_state_provider_type Sync: VANILLA -> ACTIVE
[172月2026 12:49:52.880] [main/DEBUG] [net.minecraftforge.registries.ForgeRegistry/REGISTRIES]: Registry minecraft:worldgen/foliage_placer_type Sync: VANILLA -> ACTIVE
[172月2026 12:49:52.881] [main/DEBUG] [net.minecraftforge.registries.ForgeRegistry/REGISTRIES]: Registry minecraft:worldgen/tree_decorator_type Sync: VANILLA -> ACTIVE
[172月2026 12:49:52.881] [main/DEBUG] [net.minecraftforge.registries.ForgeRegistry/REGISTRIES]: Registry minecraft:worldgen/biome Sync: VANILLA -> ACTIVE
[172月2026 12:49:52.888] [main/DEBUG] [net.minecraftforge.registries.GameData/REGISTRIES]: Vanilla freeze snapshot created
[172月2026 12:49:52.924] [main/DEBUG] [net.minecraftforge.fml.ModWorkManager/LOADING]: Using 16 threads for parallel mod-loading
[172月2026 12:49:52.936] [main/DEBUG] [net.minecraftforge.fml.javafmlmod.FMLJavaModLanguageProvider/LOADING]: Loading FMLModContainer from classloader cpw.mods.modlauncher.TransformingClassLoader@4e642ee1 - got cpw.mods.cl.ModuleClassLoader@7906578e
[172月2026 12:49:52.938] [main/DEBUG] [net.minecraftforge.fml.javafmlmod.FMLModContainer/LOADING]: Creating FMLModContainer instance for com.buuz135.industrial.IndustrialForegoing
[172月2026 12:49:52.954] [main/DEBUG] [net.minecraftforge.fml.javafmlmod.FMLJavaModLanguageProvider/LOADING]: Loading FMLModContainer from classloader cpw.mods.modlauncher.TransformingClassLoader@4e642ee1 - got cpw.mods.cl.ModuleClassLoader@7906578e
[172月2026 12:49:52.955] [main/DEBUG] [net.minecraftforge.fml.javafmlmod.FMLModContainer/LOADING]: Creating FMLModContainer instance for com.llamalad7.mixinextras.platform.forge.MixinExtrasMod
[172月2026 12:49:52.955] [main/DEBUG] [net.minecraftforge.fml.javafmlmod.FMLJavaModLanguageProvider/LOADING]: Loading FMLModContainer from classloader cpw.mods.modlauncher.TransformingClassLoader@4e642ee1 - got cpw.mods.cl.ModuleClassLoader@7906578e
[172月2026 12:49:52.955] [main/DEBUG] [net.minecraftforge.fml.javafmlmod.FMLModContainer/LOADING]: Creating FMLModContainer instance for dev.latvian.mods.rhino.mod.forge.RhinoModForge
[172月2026 12:49:52.956] [main/DEBUG] [net.minecraftforge.fml.javafmlmod.FMLJavaModLanguageProvider/LOADING]: Loading FMLModContainer from classloader cpw.mods.modlauncher.TransformingClassLoader@4e642ee1 - got cpw.mods.cl.ModuleClassLoader@7906578e
[172月2026 12:49:52.957] [main/DEBUG] [net.minecraftforge.fml.javafmlmod.FMLModContainer/LOADING]: Creating FMLModContainer instance for com.hrznstudio.titanium.Titanium
[172月2026 12:49:52.958] [main/DEBUG] [net.minecraftforge.fml.javafmlmod.FMLJavaModLanguageProvider/LOADING]: Loading FMLModContainer from classloader cpw.mods.modlauncher.TransformingClassLoader@4e642ee1 - got cpw.mods.cl.ModuleClassLoader@7906578e
[172月2026 12:49:52.959] [main/DEBUG] [net.minecraftforge.fml.javafmlmod.FMLModContainer/LOADING]: Creating FMLModContainer instance for net.minecraftforge.common.ForgeMod
[172月2026 12:49:52.962] [main/DEBUG] [net.minecraftforge.fml.javafmlmod.FMLJavaModLanguageProvider/LOADING]: Loading FMLModContainer from classloader cpw.mods.modlauncher.TransformingClassLoader@4e642ee1 - got cpw.mods.cl.ModuleClassLoader@7906578e
[172月2026 12:49:52.962] [main/DEBUG] [net.minecraftforge.fml.javafmlmod.FMLModContainer/LOADING]: Creating FMLModContainer instance for dev.architectury.forge.ArchitecturyForge
[172月2026 12:49:52.963] [main/DEBUG] [net.minecraftforge.fml.javafmlmod.FMLJavaModLanguageProvider/LOADING]: Loading FMLModContainer from classloader cpw.mods.modlauncher.TransformingClassLoader@4e642ee1 - got cpw.mods.cl.ModuleClassLoader@7906578e
[172月2026 12:49:52.963] [main/DEBUG] [net.minecraftforge.fml.javafmlmod.FMLModContainer/LOADING]: Creating FMLModContainer instance for net.yxiao233.ifeu.IndustrialForegoingExtraUpgrades
[172月2026 12:49:52.966] [main/DEBUG] [net.minecraftforge.fml.javafmlmod.FMLJavaModLanguageProvider/LOADING]: Loading FMLModContainer from classloader cpw.mods.modlauncher.TransformingClassLoader@4e642ee1 - got cpw.mods.cl.ModuleClassLoader@7906578e
[172月2026 12:49:52.966] [main/DEBUG] [net.minecraftforge.fml.javafmlmod.FMLModContainer/LOADING]: Creating FMLModContainer instance for mezz.jei.forge.JustEnoughItems
[172月2026 12:49:52.967] [main/DEBUG] [net.minecraftforge.fml.javafmlmod.FMLJavaModLanguageProvider/LOADING]: Loading FMLModContainer from classloader cpw.mods.modlauncher.TransformingClassLoader@4e642ee1 - got cpw.mods.cl.ModuleClassLoader@7906578e
[172月2026 12:49:52.967] [main/DEBUG] [net.minecraftforge.fml.javafmlmod.FMLModContainer/LOADING]: Creating FMLModContainer instance for dev.latvian.mods.kubejs.forge.KubeJSForge
[172月2026 12:49:52.987] [modloading-worker-0/DEBUG] [net.minecraftforge.fml.javafmlmod.AutomaticEventSubscriber/LOADING]: Attempting to inject @EventBusSubscriber classes into the eventbus for mixinextras
[172月2026 12:49:52.996] [modloading-worker-0/DEBUG] [net.minecraftforge.fml.javafmlmod.AutomaticEventSubscriber/LOADING]: Attempting to inject @EventBusSubscriber classes into the eventbus for rhino
[172月2026 12:49:53.001] [modloading-worker-0/INFO] [PluginManager/]: Scanning classes for ifeu
[172月2026 12:49:53.029] [modloading-worker-0/DEBUG] [net.minecraftforge.versions.forge.ForgeVersion/CORE]: Forge Version package package net.minecraftforge.versions.forge, Forge, version 47.3 from cpw.mods.modlauncher.TransformingClassLoader@4e642ee1
[172月2026 12:49:53.029] [modloading-worker-0/DEBUG] [net.minecraftforge.versions.forge.ForgeVersion/CORE]: Found Forge version 47.3.0
[172月2026 12:49:53.029] [modloading-worker-0/DEBUG] [net.minecraftforge.versions.forge.ForgeVersion/CORE]: Found Forge spec 47.3
[172月2026 12:49:53.029] [modloading-worker-0/DEBUG] [net.minecraftforge.versions.forge.ForgeVersion/CORE]: Found Forge group net.minecraftforge
[172月2026 12:49:53.031] [modloading-worker-0/DEBUG] [net.minecraftforge.versions.mcp.MCPVersion/CORE]: MCP Version package package net.minecraftforge.versions.mcp, Minecraft, version 1.20.1 from cpw.mods.modlauncher.TransformingClassLoader@4e642ee1
[172月2026 12:49:53.031] [modloading-worker-0/DEBUG] [net.minecraftforge.versions.mcp.MCPVersion/CORE]: Found MC version information 1.20.1
[172月2026 12:49:53.031] [modloading-worker-0/DEBUG] [net.minecraftforge.versions.mcp.MCPVersion/CORE]: Found MCP version information 20230612.114412
[172月2026 12:49:53.032] [modloading-worker-0/INFO] [net.minecraftforge.common.ForgeMod/FORGEMOD]: Forge mod loading, version 47.3.0, for MC 1.20.1 with MCP 20230612.114412
[172月2026 12:49:53.033] [modloading-worker-0/INFO] [net.minecraftforge.common.MinecraftForge/FORGE]: MinecraftForge v47.3.0 Initialized
[172月2026 12:49:53.034] [modloading-worker-0/DEBUG] [net.minecraftforge.fml.config.ConfigTracker/CONFIG]: Config file jei-server.toml for jei tracking
[172月2026 12:49:53.039] [modloading-worker-0/DEBUG] [mixin/]: Mixing MixinClientLevel from architectury.mixins.json into net.minecraft.client.multiplayer.ClientLevel
[172月2026 12:49:53.042] [modloading-worker-0/DEBUG] [mixin/]: Mixing ClientLevelMixin from kubejs-common.mixins.json into net.minecraft.client.multiplayer.ClientLevel
[172月2026 12:49:53.045] [modloading-worker-0/INFO] [PluginManager/]: Scanning classes for titanium
[172月2026 12:49:53.081] [modloading-worker-0/INFO] [PluginManager/]: Scanning classes for industrialforegoing
[172月2026 12:49:53.088] [modloading-worker-0/DEBUG] [mixin/]: Mixing OptionsMixin from kubejs-common.mixins.json into net.minecraft.client.Options
[172月2026 12:49:53.109] [modloading-worker-0/DEBUG] [mixin/]: Mixing LocalPlayerMixin from kubejs-common.mixins.json into net.minecraft.client.player.LocalPlayer
[172月2026 12:49:53.116] [modloading-worker-0/DEBUG] [mixin/]: Mixing block.MixinMachineFrameItem from ifeu.mixins.json into com.buuz135.industrial.block.MachineFrameBlock$MachineFrameItem
[172月2026 12:49:53.131] [modloading-worker-0/DEBUG] [mixin/]: Mixing AbstractClientPlayerMixin from kubejs-common.mixins.json into net.minecraft.client.player.AbstractClientPlayer
[172月2026 12:49:53.141] [modloading-worker-0/DEBUG] [mixin/]: Mixing ScreenMixin from kubejs-common.mixins.json into net.minecraft.client.gui.screens.Screen
[172月2026 12:49:53.182] [modloading-worker-0/DEBUG] [net.minecraftforge.fml.config.ConfigTracker/CONFIG]: Config file titanium/titanium.toml for titanium tracking
[172月2026 12:49:53.195] [modloading-worker-0/DEBUG] [net.minecraftforge.fml.config.ConfigTracker/CONFIG]: Config file titanium/titanium-tags.toml for titanium tracking
[172月2026 12:49:53.219] [modloading-worker-0/DEBUG] [mixin/]: Mixing MixinLevelEvent from architectury.mixins.json into net.minecraftforge.event.level.LevelEvent
[172月2026 12:49:53.220] [modloading-worker-0/DEBUG] [mezz.jei.common.platform.Services/]: Loaded mezz.jei.forge.platform.PlatformHelper@670ccf44 for service interface mezz.jei.common.platform.IPlatformHelper
[172月2026 12:49:53.232] [modloading-worker-0/DEBUG] [mixin/]: Mixing RecipeManagerAccessor from kubejs-forge.mixins.json into net.minecraft.world.item.crafting.RecipeManager
[172月2026 12:49:53.236] [modloading-worker-0/DEBUG] [io.netty.util.internal.PlatformDependent0/]: -Dio.netty.noUnsafe: false
[172月2026 12:49:53.237] [modloading-worker-0/DEBUG] [io.netty.util.internal.PlatformDependent0/]: Java version: 17
[172月2026 12:49:53.237] [modloading-worker-0/DEBUG] [io.netty.util.internal.PlatformDependent0/]: sun.misc.Unsafe.theUnsafe: available
[172月2026 12:49:53.238] [modloading-worker-0/DEBUG] [io.netty.util.internal.PlatformDependent0/]: sun.misc.Unsafe.copyMemory: available
[172月2026 12:49:53.238] [modloading-worker-0/DEBUG] [mixin/]: Mixing RecipeManagerMixin from kubejs-common.mixins.json into net.minecraft.world.item.crafting.RecipeManager
[172月2026 12:49:53.238] [modloading-worker-0/DEBUG] [io.netty.util.internal.PlatformDependent0/]: sun.misc.Unsafe.storeFence: available
[172月2026 12:49:53.239] [modloading-worker-0/DEBUG] [io.netty.util.internal.PlatformDependent0/]: java.nio.Buffer.address: available
[172月2026 12:49:53.239] [modloading-worker-0/DEBUG] [io.netty.util.internal.PlatformDependent0/]: direct buffer constructor: unavailable
java.lang.UnsupportedOperationException: Reflective setAccessible(true) disabled
	at io.netty.util.internal.ReflectionUtil.trySetAccessible(ReflectionUtil.java:31) ~[netty-common-4.1.82.Final.jar%23151!/:4.1.82.Final]
	at io.netty.util.internal.PlatformDependent0$5.run(PlatformDependent0.java:288) ~[netty-common-4.1.82.Final.jar%23151!/:4.1.82.Final]
	at java.security.AccessController.doPrivileged(AccessController.java:318) ~[?:?]
	at io.netty.util.internal.PlatformDependent0.<clinit>(PlatformDependent0.java:282) ~[netty-common-4.1.82.Final.jar%23151!/:4.1.82.Final]
	at io.netty.util.internal.PlatformDependent.isAndroid(PlatformDependent.java:333) ~[netty-common-4.1.82.Final.jar%23151!/:4.1.82.Final]
	at io.netty.util.internal.PlatformDependent.<clinit>(PlatformDependent.java:88) ~[netty-common-4.1.82.Final.jar%23151!/:4.1.82.Final]
	at io.netty.util.ConstantPool.<init>(ConstantPool.java:34) ~[netty-common-4.1.82.Final.jar%23151!/:4.1.82.Final]
	at io.netty.util.AttributeKey$1.<init>(AttributeKey.java:27) ~[netty-common-4.1.82.Final.jar%23151!/:4.1.82.Final]
	at io.netty.util.AttributeKey.<clinit>(AttributeKey.java:27) ~[netty-common-4.1.82.Final.jar%23151!/:4.1.82.Final]
	at net.minecraftforge.network.NetworkConstants.<clinit>(NetworkConstants.java:34) ~[forge-1.20.1-47.3.0_mapped_parchment_2023.09.03-1.20.1.jar%23190%23197!/:?]
	at net.minecraftforge.common.ForgeMod.<init>(ForgeMod.java:429) ~[forge-1.20.1-47.3.0_mapped_parchment_2023.09.03-1.20.1.jar%23190%23197!/:?]
	at jdk.internal.reflect.NativeConstructorAccessorImpl.newInstance0(Native Method) ~[?:?]
	at jdk.internal.reflect.NativeConstructorAccessorImpl.newInstance(NativeConstructorAccessorImpl.java:77) ~[?:?]
	at jdk.internal.reflect.DelegatingConstructorAccessorImpl.newInstance(DelegatingConstructorAccessorImpl.java:45) ~[?:?]
	at java.lang.reflect.Constructor.newInstanceWithCaller(Constructor.java:499) ~[?:?]
	at java.lang.reflect.Constructor.newInstance(Constructor.java:480) ~[?:?]
	at net.minecraftforge.fml.javafmlmod.FMLModContainer.constructMod(FMLModContainer.java:70) ~[javafmllanguage-1.20.1-47.3.0.jar%23192!/:?]
	at net.minecraftforge.fml.ModContainer.lambda$buildTransitionHandler$4(ModContainer.java:124) ~[fmlcore-1.20.1-47.3.0.jar%23195!/:?]
	at java.util.concurrent.CompletableFuture$AsyncRun.run(CompletableFuture.java:1804) ~[?:?]
	at java.util.concurrent.CompletableFuture$AsyncRun.exec(CompletableFuture.java:1796) ~[?:?]
	at java.util.concurrent.ForkJoinTask.doExec(ForkJoinTask.java:373) ~[?:?]
	at java.util.concurrent.ForkJoinPool$WorkQueue.topLevelExec(ForkJoinPool.java:1182) ~[?:?]
	at java.util.concurrent.ForkJoinPool.scan(ForkJoinPool.java:1655) ~[?:?]
	at java.util.concurrent.ForkJoinPool.runWorker(ForkJoinPool.java:1622) ~[?:?]
	at java.util.concurrent.ForkJoinWorkerThread.run(ForkJoinWorkerThread.java:165) ~[?:?]
[172月2026 12:49:53.256] [modloading-worker-0/DEBUG] [io.netty.util.internal.PlatformDependent0/]: java.nio.Bits.unaligned: available, true
[172月2026 12:49:53.257] [modloading-worker-0/DEBUG] [io.netty.util.internal.PlatformDependent0/]: jdk.internal.misc.Unsafe.allocateUninitializedArray(int): unavailable
java.lang.IllegalAccessException: class io.netty.util.internal.PlatformDependent0$7 (in module io.netty.common) cannot access class jdk.internal.misc.Unsafe (in module java.base) because module java.base does not export jdk.internal.misc to module io.netty.common
	at jdk.internal.reflect.Reflection.newIllegalAccessException(Reflection.java:392) ~[?:?]
	at java.lang.reflect.AccessibleObject.checkAccess(AccessibleObject.java:674) ~[?:?]
	at java.lang.reflect.Method.invoke(Method.java:560) ~[?:?]
	at io.netty.util.internal.PlatformDependent0$7.run(PlatformDependent0.java:410) ~[netty-common-4.1.82.Final.jar%23151!/:4.1.82.Final]
	at java.security.AccessController.doPrivileged(AccessController.java:318) ~[?:?]
	at io.netty.util.internal.PlatformDependent0.<clinit>(PlatformDependent0.java:401) ~[netty-common-4.1.82.Final.jar%23151!/:4.1.82.Final]
	at io.netty.util.internal.PlatformDependent.isAndroid(PlatformDependent.java:333) ~[netty-common-4.1.82.Final.jar%23151!/:4.1.82.Final]
	at io.netty.util.internal.PlatformDependent.<clinit>(PlatformDependent.java:88) ~[netty-common-4.1.82.Final.jar%23151!/:4.1.82.Final]
	at io.netty.util.ConstantPool.<init>(ConstantPool.java:34) ~[netty-common-4.1.82.Final.jar%23151!/:4.1.82.Final]
	at io.netty.util.AttributeKey$1.<init>(AttributeKey.java:27) ~[netty-common-4.1.82.Final.jar%23151!/:4.1.82.Final]
	at io.netty.util.AttributeKey.<clinit>(AttributeKey.java:27) ~[netty-common-4.1.82.Final.jar%23151!/:4.1.82.Final]
	at net.minecraftforge.network.NetworkConstants.<clinit>(NetworkConstants.java:34) ~[forge-1.20.1-47.3.0_mapped_parchment_2023.09.03-1.20.1.jar%23190%23197!/:?]
	at net.minecraftforge.common.ForgeMod.<init>(ForgeMod.java:429) ~[forge-1.20.1-47.3.0_mapped_parchment_2023.09.03-1.20.1.jar%23190%23197!/:?]
	at jdk.internal.reflect.NativeConstructorAccessorImpl.newInstance0(Native Method) ~[?:?]
	at jdk.internal.reflect.NativeConstructorAccessorImpl.newInstance(NativeConstructorAccessorImpl.java:77) ~[?:?]
	at jdk.internal.reflect.DelegatingConstructorAccessorImpl.newInstance(DelegatingConstructorAccessorImpl.java:45) ~[?:?]
	at java.lang.reflect.Constructor.newInstanceWithCaller(Constructor.java:499) ~[?:?]
	at java.lang.reflect.Constructor.newInstance(Constructor.java:480) ~[?:?]
	at net.minecraftforge.fml.javafmlmod.FMLModContainer.constructMod(FMLModContainer.java:70) ~[javafmllanguage-1.20.1-47.3.0.jar%23192!/:?]
	at net.minecraftforge.fml.ModContainer.lambda$buildTransitionHandler$4(ModContainer.java:124) ~[fmlcore-1.20.1-47.3.0.jar%23195!/:?]
	at java.util.concurrent.CompletableFuture$AsyncRun.run(CompletableFuture.java:1804) ~[?:?]
	at java.util.concurrent.CompletableFuture$AsyncRun.exec(CompletableFuture.java:1796) ~[?:?]
	at java.util.concurrent.ForkJoinTask.doExec(ForkJoinTask.java:373) ~[?:?]
	at java.util.concurrent.ForkJoinPool$WorkQueue.topLevelExec(ForkJoinPool.java:1182) ~[?:?]
	at java.util.concurrent.ForkJoinPool.scan(ForkJoinPool.java:1655) ~[?:?]
	at java.util.concurrent.ForkJoinPool.runWorker(ForkJoinPool.java:1622) ~[?:?]
	at java.util.concurrent.ForkJoinWorkerThread.run(ForkJoinWorkerThread.java:165) ~[?:?]
[172月2026 12:49:53.262] [modloading-worker-0/DEBUG] [io.netty.util.internal.PlatformDependent0/]: java.nio.DirectByteBuffer.<init>(long, int): unavailable
[172月2026 12:49:53.262] [modloading-worker-0/DEBUG] [io.netty.util.internal.PlatformDependent/]: sun.misc.Unsafe: available
[172月2026 12:49:53.264] [modloading-worker-0/DEBUG] [io.netty.util.internal.PlatformDependent/]: maxDirectMemory: 4257218560 bytes (maybe)
[172月2026 12:49:53.264] [modloading-worker-0/DEBUG] [io.netty.util.internal.PlatformDependent/]: -Dio.netty.tmpdir: C:\Users\18703\AppData\Local\Temp (java.io.tmpdir)
[172月2026 12:49:53.266] [modloading-worker-0/DEBUG] [io.netty.util.internal.PlatformDependent/]: -Dio.netty.bitMode: 64 (sun.arch.data.model)
[172月2026 12:49:53.266] [modloading-worker-0/DEBUG] [io.netty.util.internal.PlatformDependent/]: Platform: Windows
[172月2026 12:49:53.267] [modloading-worker-0/DEBUG] [io.netty.util.internal.PlatformDependent/]: -Dio.netty.maxDirectMemory: -1 bytes
[172月2026 12:49:53.267] [modloading-worker-0/DEBUG] [io.netty.util.internal.PlatformDependent/]: -Dio.netty.uninitializedArrayAllocationThreshold: -1
[172月2026 12:49:53.268] [modloading-worker-0/DEBUG] [io.netty.util.internal.CleanerJava9/]: java.nio.ByteBuffer.cleaner(): available
[172月2026 12:49:53.268] [modloading-worker-0/DEBUG] [io.netty.util.internal.PlatformDependent/]: -Dio.netty.noPreferDirect: false
[172月2026 12:49:53.282] [modloading-worker-0/DEBUG] [mixin/]: Mixing MinecraftServerMixin from kubejs-common.mixins.json into net.minecraft.server.MinecraftServer
[172月2026 12:49:53.290] [modloading-worker-0/DEBUG] [mixin/]: Renaming synthetic method lambda$kjs$endResourceReload$1()V to md91514e$lambda$kjs$endResourceReload$1$0 in kubejs-common.mixins.json:MinecraftServerMixin
[172月2026 12:49:53.291] [modloading-worker-0/DEBUG] [mixin/]: Renaming synthetic method lambda$kjs$init$0()V to md91514e$lambda$kjs$init$0$1 in kubejs-common.mixins.json:MinecraftServerMixin
[172月2026 12:49:53.297] [modloading-worker-0/DEBUG] [mixin/]: Mixing inject_resources.MinecraftServerMixin from kubejs-common.mixins.json into net.minecraft.server.MinecraftServer
[172月2026 12:49:53.341] [modloading-worker-0/DEBUG] [net.minecraftforge.coremod.transformer.CoreModBaseTransformer/COREMOD]: Transforming net/minecraft/world/level/levelgen/PhantomSpawner
[172月2026 12:49:53.349] [modloading-worker-0/DEBUG] [net.minecraftforge.coremod.transformer.CoreModBaseTransformer/COREMOD]: Transforming net/minecraft/world/level/levelgen/PatrolSpawner
[172月2026 12:49:53.355] [modloading-worker-0/DEBUG] [net.minecraftforge.coremod.transformer.CoreModBaseTransformer/COREMOD]: Transforming net/minecraft/world/entity/npc/CatSpawner
[172月2026 12:49:53.361] [modloading-worker-0/DEBUG] [net.minecraftforge.coremod.transformer.CoreModBaseTransformer/COREMOD]: Transforming net/minecraft/world/entity/ai/village/VillageSiege
[172月2026 12:49:53.447] [modloading-worker-0/INFO] [KubeJS/]: Loaded common.properties
[172月2026 12:49:53.469] [modloading-worker-0/INFO] [KubeJS/]: Loaded dev.properties
[172月2026 12:49:53.491] [modloading-worker-0/INFO] [KubeJS Startup/]: Capturing errors for startup scripts enabled
[172月2026 12:49:53.494] [modloading-worker-0/INFO] [KubeJS/]: Looking for KubeJS plugins...
[172月2026 12:49:53.495] [modloading-worker-0/DEBUG] [mixin/]: Mixing MixinMinecraft from architectury.mixins.json into net.minecraft.client.Minecraft
[172月2026 12:49:53.498] [modloading-worker-0/DEBUG] [mixin/]: Mixing MinecraftClientMixin from kubejs-common.mixins.json into net.minecraft.client.Minecraft
[172月2026 12:49:53.499] [modloading-worker-0/DEBUG] [mixin/]: Renaming synthetic method lambda$kjs$endResourceReload$1()V to md91514e$lambda$kjs$endResourceReload$1$0 in kubejs-common.mixins.json:MinecraftClientMixin
[172月2026 12:49:53.499] [modloading-worker-0/DEBUG] [mixin/]: Renaming synthetic method lambda$kjs$init$0()V to md91514e$lambda$kjs$init$0$1 in kubejs-common.mixins.json:MinecraftClientMixin
[172月2026 12:49:53.620] [modloading-worker-0/INFO] [KubeJS/]: Found plugin source kubejs
[172月2026 12:49:53.630] [modloading-worker-0/DEBUG] [mixin/]: Mixing WindowMixin from kubejs-common.mixins.json into com.mojang.blaze3d.platform.Window
[172月2026 12:49:53.653] [modloading-worker-0/DEBUG] [mixin/]: Mixing IngredientsWithChildrenMixin from kubejs-forge.mixins.json into net.minecraftforge.common.crafting.CompoundIngredient
[172月2026 12:49:53.662] [modloading-worker-0/DEBUG] [net.minecraftforge.fml.javafmlmod.AutomaticEventSubscriber/LOADING]: Attempting to inject @EventBusSubscriber classes into the eventbus for titanium
[172月2026 12:49:53.664] [modloading-worker-0/WARN] [KubeJS/]: Plugin dev.latvian.mods.kubejs.integration.forge.gamestages.GameStagesIntegration does not have required mod gamestages loaded, skipping
[172月2026 12:49:53.666] [modloading-worker-0/INFO] [KubeJS/]: Found plugin source ifeu
[172月2026 12:49:53.671] [modloading-worker-0/INFO] [KubeJS/]: Done in 173.3 ms
[172月2026 12:49:53.679] [modloading-worker-0/DEBUG] [net.minecraftforge.common.ForgeMod/FORGEMOD]: Loading Network data for FML net version: FML3
[172月2026 12:49:53.702] [modloading-worker-0/DEBUG] [net.minecraftforge.fml.config.ConfigTracker/CONFIG]: Config file forge-client.toml for forge tracking
[172月2026 12:49:53.702] [modloading-worker-0/DEBUG] [net.minecraftforge.fml.config.ConfigTracker/CONFIG]: Config file forge-server.toml for forge tracking
[172月2026 12:49:53.702] [modloading-worker-0/DEBUG] [net.minecraftforge.fml.ModLoadingContext/]: Attempted to register an empty config for type COMMON on mod forge
[172月2026 12:49:53.705] [modloading-worker-0/DEBUG] [net.minecraftforge.fml.config.ConfigTracker/CONFIG]: Config file ifeu/machine.toml for ifeu tracking
[172月2026 12:49:53.706] [modloading-worker-0/DEBUG] [net.minecraftforge.fml.config.ConfigTracker/CONFIG]: Config file ifeu/misc.toml for ifeu tracking
[172月2026 12:49:53.722] [modloading-worker-0/DEBUG] [mixin/]: Mixing LoadingOverlayMixin from kubejs-common.mixins.json into net.minecraft.client.gui.screens.LoadingOverlay
[172月2026 12:49:53.744] [modloading-worker-0/DEBUG] [mixin/]: Mixing ReloadableServerResourcesMixin from kubejs-common.mixins.json into net.minecraft.server.ReloadableServerResources
[172月2026 12:49:53.773] [modloading-worker-0/DEBUG] [mixin/]: Mixing DamageSourceMixin from kubejs-common.mixins.json into net.minecraft.world.damagesource.DamageSource
[172月2026 12:49:53.781] [modloading-worker-0/DEBUG] [net.minecraftforge.fml.javafmlmod.AutomaticEventSubscriber/LOADING]: Attempting to inject @EventBusSubscriber classes into the eventbus for forge
[172月2026 12:49:53.783] [modloading-worker-0/DEBUG] [net.minecraftforge.fml.javafmlmod.AutomaticEventSubscriber/LOADING]: Attempting to inject @EventBusSubscriber classes into the eventbus for ifeu
[172月2026 12:49:53.786] [modloading-worker-0/DEBUG] [net.minecraftforge.fml.javafmlmod.AutomaticEventSubscriber/LOADING]: Auto-subscribing net.minecraftforge.common.ForgeSpawnEggItem$CommonHandler to MOD
[172月2026 12:49:53.786] [modloading-worker-0/DEBUG] [net.minecraftforge.fml.javafmlmod.AutomaticEventSubscriber/LOADING]: Auto-subscribing net.yxiao233.ifeu.client.data.DataGenerators to MOD
[172月2026 12:49:53.789] [modloading-worker-0/DEBUG] [net.minecraftforge.fml.javafmlmod.AutomaticEventSubscriber/LOADING]: Auto-subscribing net.yxiao233.ifeu.client.events.BlockRendererEvent to MOD
[172月2026 12:49:53.789] [modloading-worker-0/DEBUG] [net.minecraftforge.fml.javafmlmod.AutomaticEventSubscriber/LOADING]: Auto-subscribing net.minecraftforge.common.ForgeSpawnEggItem$ColorRegisterHandler to MOD
[172月2026 12:49:53.794] [modloading-worker-0/DEBUG] [net.minecraftforge.fml.javafmlmod.AutomaticEventSubscriber/LOADING]: Auto-subscribing net.yxiao233.ifeu.client.events.ItemTooltipEvent to FORGE
[172月2026 12:49:53.798] [modloading-worker-0/DEBUG] [net.minecraftforge.fml.javafmlmod.AutomaticEventSubscriber/LOADING]: Auto-subscribing net.minecraftforge.client.model.data.ModelDataManager to FORGE
[172月2026 12:49:53.801] [modloading-worker-0/DEBUG] [net.minecraftforge.fml.javafmlmod.AutomaticEventSubscriber/LOADING]: Auto-subscribing net.minecraftforge.client.ForgeHooksClient$ClientEvents to MOD
[172月2026 12:49:53.818] [modloading-worker-0/DEBUG] [net.minecraftforge.fml.javafmlmod.AutomaticEventSubscriber/LOADING]: Auto-subscribing net.minecraftforge.client.ClientForgeMod to MOD
[172月2026 12:49:53.842] [modloading-worker-0/DEBUG] [net.minecraftforge.fml.javafmlmod.AutomaticEventSubscriber/LOADING]: Attempting to inject @EventBusSubscriber classes into the eventbus for architectury
[172月2026 12:49:53.842] [modloading-worker-0/DEBUG] [net.minecraftforge.fml.javafmlmod.AutomaticEventSubscriber/LOADING]: Auto-subscribing dev.architectury.networking.forge.NetworkManagerImpl to FORGE
[172月2026 12:49:53.851] [modloading-worker-0/DEBUG] [mixin/]: Mixing CropBlockMixin from kubejs-forge.mixins.json into dev.latvian.mods.kubejs.block.custom.BasicCropBlockJS
[172月2026 12:49:53.869] [modloading-worker-0/INFO] [dev.architectury.networking.forge.NetworkManagerImpl/]: Registering S2C receiver with id architectury:sync_ids
[172月2026 12:49:53.873] [modloading-worker-0/INFO] [dev.architectury.networking.forge.NetworkManagerImpl/]: Registering C2S receiver with id architectury:sync_ids
[172月2026 12:49:53.878] [modloading-worker-0/DEBUG] [net.minecraftforge.fml.javafmlmod.AutomaticEventSubscriber/LOADING]: Auto-subscribing dev.architectury.registry.forge.CreativeTabRegistryImpl to MOD
[172月2026 12:49:53.889] [modloading-worker-0/DEBUG] [mezz.jei.common.config.file.ConfigSerializer/]: Loading config file: K:\mod\my_mods\IndustrialForegoingExtraUpgrades\run-data\config\jei\jei-debug.ini
[172月2026 12:49:53.891] [modloading-worker-0/DEBUG] [mezz.jei.common.config.file.ConfigSerializer/]: Saving config file: K:\mod\my_mods\IndustrialForegoingExtraUpgrades\run-data\config\jei\jei-debug.ini
[172月2026 12:49:53.891] [modloading-worker-0/DEBUG] [net.minecraftforge.fml.javafmlmod.AutomaticEventSubscriber/LOADING]: Auto-subscribing dev.architectury.registry.forge.ReloadListenerRegistryImpl to FORGE
[172月2026 12:49:53.894] [modloading-worker-0/DEBUG] [net.minecraftforge.fml.javafmlmod.AutomaticEventSubscriber/LOADING]: Auto-subscribing dev.architectury.registry.client.keymappings.forge.KeyMappingRegistryImpl to MOD
[172月2026 12:49:53.896] [modloading-worker-0/DEBUG] [net.minecraftforge.fml.javafmlmod.AutomaticEventSubscriber/LOADING]: Auto-subscribing dev.architectury.registry.client.particle.forge.ParticleProviderRegistryImpl to MOD
[172月2026 12:49:53.910] [modloading-worker-0/DEBUG] [mezz.jei.common.config.file.ConfigSerializer/]: Loading config file: K:\mod\my_mods\IndustrialForegoingExtraUpgrades\run-data\config\jei\jei-mod-id-format.ini
[172月2026 12:49:53.910] [modloading-worker-0/DEBUG] [net.minecraftforge.fml.javafmlmod.AutomaticEventSubscriber/LOADING]: Auto-subscribing dev.architectury.registry.level.entity.trade.forge.TradeRegistryImpl to FORGE
[172月2026 12:49:53.912] [modloading-worker-0/DEBUG] [mezz.jei.common.config.file.ConfigSerializer/]: Saving config file: K:\mod\my_mods\IndustrialForegoingExtraUpgrades\run-data\config\jei\jei-mod-id-format.ini
[172月2026 12:49:53.929] [modloading-worker-0/DEBUG] [mezz.jei.common.config.file.ConfigSerializer/]: Loading config file: K:\mod\my_mods\IndustrialForegoingExtraUpgrades\run-data\config\jei\jei-colors.ini
[172月2026 12:49:53.933] [modloading-worker-0/DEBUG] [mezz.jei.common.config.file.ConfigSerializer/]: Saving config file: K:\mod\my_mods\IndustrialForegoingExtraUpgrades\run-data\config\jei\jei-colors.ini
[172月2026 12:49:53.972] [modloading-worker-0/DEBUG] [net.minecraftforge.fml.config.ConfigTracker/CONFIG]: Config file industrialforegoing/machine-misc.toml for industrialforegoing tracking
[172月2026 12:49:53.975] [modloading-worker-0/DEBUG] [mezz.jei.common.config.file.ConfigSerializer/]: Loading config file: K:\mod\my_mods\IndustrialForegoingExtraUpgrades\run-data\config\jei\jei-client.ini
[172月2026 12:49:53.975] [modloading-worker-0/DEBUG] [mixin/]: Mixing EventHandlerBridgeMixin from kubejs-common.mixins.json into dev.latvian.mods.kubejs.event.EventHandler
[172月2026 12:49:53.976] [modloading-worker-0/DEBUG] [net.minecraftforge.fml.config.ConfigTracker/CONFIG]: Config file industrialforegoing/machine-core.toml for industrialforegoing tracking
[172月2026 12:49:53.980] [modloading-worker-0/DEBUG] [mezz.jei.common.config.file.ConfigSerializer/]: Saving config file: K:\mod\my_mods\IndustrialForegoingExtraUpgrades\run-data\config\jei\jei-client.ini
[172月2026 12:49:53.982] [modloading-worker-0/DEBUG] [mixin/]: Mixing EventHandlerInvoker from kubejs-common.mixins.json into dev.latvian.mods.kubejs.event.EventHandler
[172月2026 12:49:54.002] [modloading-worker-0/DEBUG] [net.minecraftforge.fml.config.ConfigTracker/CONFIG]: Config file industrialforegoing/machine-agriculture-husbandry.toml for industrialforegoing tracking
[172月2026 12:49:54.028] [modloading-worker-0/INFO] [mezz.jei.library.load.PluginCaller/]: Sending ConfigManager...
[172月2026 12:49:54.036] [modloading-worker-0/DEBUG] [net.minecraftforge.fml.config.ConfigTracker/CONFIG]: Config file industrialforegoing/machine-resource-production.toml for industrialforegoing tracking
[172月2026 12:49:54.037] [modloading-worker-0/DEBUG] [mezz.jei.library.load.PluginCallerTimerRunnable/]: Sending ConfigManager: jei:minecraft...
[172月2026 12:49:54.037] [modloading-worker-0/DEBUG] [mezz.jei.library.load.PluginCallerTimerRunnable/]: Sending ConfigManager: industrialforegoing:default...
[172月2026 12:49:54.037] [modloading-worker-0/DEBUG] [mezz.jei.library.load.PluginCallerTimerRunnable/]: Sending ConfigManager: titanium:default...
[172月2026 12:49:54.037] [modloading-worker-0/DEBUG] [mezz.jei.library.load.PluginCallerTimerRunnable/]: Sending ConfigManager: ifeu:jei_plugin...
[172月2026 12:49:54.037] [modloading-worker-0/DEBUG] [mezz.jei.library.load.PluginCallerTimerRunnable/]: Sending ConfigManager: jei:debug...
[172月2026 12:49:54.037] [modloading-worker-0/DEBUG] [mezz.jei.library.load.PluginCallerTimerRunnable/]: Sending ConfigManager: jei:gui...
[172月2026 12:49:54.037] [modloading-worker-0/DEBUG] [mezz.jei.library.load.PluginCallerTimerRunnable/]: Sending ConfigManager: jei:forge_gui...
[172月2026 12:49:54.037] [modloading-worker-0/DEBUG] [mezz.jei.library.load.PluginCallerTimerRunnable/]: Sending ConfigManager: kubejs:jei...
[172月2026 12:49:54.037] [modloading-worker-0/DEBUG] [mezz.jei.library.load.PluginCallerTimerRunnable/]: Sending ConfigManager: jei:internal...
[172月2026 12:49:54.038] [modloading-worker-0/INFO] [mezz.jei.library.load.PluginCaller/]: Sending ConfigManager took 9.200 ms
[172月2026 12:49:54.040] [modloading-worker-0/DEBUG] [net.minecraftforge.fml.config.ConfigTracker/CONFIG]: Config file industrialforegoing/machine-generator.toml for industrialforegoing tracking
[172月2026 12:49:54.045] [modloading-worker-0/DEBUG] [net.minecraftforge.fml.javafmlmod.AutomaticEventSubscriber/LOADING]: Attempting to inject @EventBusSubscriber classes into the eventbus for jei
[172月2026 12:49:54.137] [modloading-worker-0/DEBUG] [net.minecraftforge.fml.javafmlmod.AutomaticEventSubscriber/LOADING]: Attempting to inject @EventBusSubscriber classes into the eventbus for industrialforegoing
[172月2026 12:49:54.138] [modloading-worker-0/DEBUG] [net.minecraftforge.fml.javafmlmod.AutomaticEventSubscriber/LOADING]: Auto-subscribing com.buuz135.industrial.item.infinity.OneThreeFiveHandler to FORGE
[172月2026 12:49:54.144] [modloading-worker-0/DEBUG] [net.minecraftforge.fml.javafmlmod.AutomaticEventSubscriber/LOADING]: Auto-subscribing com.buuz135.industrial.proxy.client.ClientProxy to MOD
[172月2026 12:49:54.148] [modloading-worker-0/DEBUG] [net.minecraftforge.fml.javafmlmod.AutomaticEventSubscriber/LOADING]: Auto-subscribing com.buuz135.industrial.proxy.event.CocoaBeanRightClickHarvesting to FORGE
[172月2026 12:49:54.193] [modloading-worker-0/INFO] [Rhino Script Remapper/]: Loading Rhino Minecraft remapper...
[172月2026 12:49:54.216] [modloading-worker-0/INFO] [dev.latvian.mods.rhino.mod.util.RhinoProperties/]: Rhino properties loaded.
[172月2026 12:49:54.223] [modloading-worker-0/INFO] [Rhino Script Remapper/]: Loading mappings for 1.20.1
[172月2026 12:49:54.321] [modloading-worker-0/INFO] [Rhino Script Remapper/]: Done in 0.127 s
[172月2026 12:49:54.572] [modloading-worker-0/DEBUG] [mixin/]: Mixing components.ClickEventMixin from kubejs-common.mixins.json into net.minecraft.network.chat.ClickEvent
[172月2026 12:49:54.572] [modloading-worker-0/DEBUG] [mixin/]: Renaming synthetic method lambda$toJsonJS$0(Lcom/google/gson/JsonObject;)V to md91514e$lambda$toJsonJS$0$0 in kubejs-common.mixins.json:components.ClickEventMixin
[172月2026 12:49:54.667] [modloading-worker-0/DEBUG] [mixin/]: Mixing DifferenceIngredientMixin from kubejs-forge.mixins.json into net.minecraftforge.common.crafting.DifferenceIngredient
[172月2026 12:49:54.676] [modloading-worker-0/DEBUG] [mixin/]: Mixing TrivialIngredientsMixin from kubejs-forge.mixins.json into net.minecraftforge.common.crafting.PartialNBTIngredient
[172月2026 12:49:54.682] [modloading-worker-0/DEBUG] [mixin/]: Mixing TrivialIngredientsMixin from kubejs-forge.mixins.json into net.minecraftforge.common.crafting.StrictNBTIngredient
[172月2026 12:49:54.926] [modloading-worker-0/INFO] [KubeJS Startup/]: example.js#5: Hello, World! (Loaded startup scripts)
[172月2026 12:49:54.928] [modloading-worker-0/INFO] [KubeJS Startup/]: Loaded script startup_scripts:example.js in 0.09 s
[172月2026 12:49:54.933] [modloading-worker-0/INFO] [KubeJS Startup/]: Loaded 1/1 KubeJS startup scripts in 0.605 s with 0 errors and 0 warnings
[172月2026 12:49:55.023] [modloading-worker-0/INFO] [dev.architectury.networking.forge.NetworkManagerImpl/]: Registering C2S receiver with id kubejs:send_data_from_client
[172月2026 12:49:55.027] [modloading-worker-0/INFO] [dev.architectury.networking.forge.NetworkManagerImpl/]: Registering S2C receiver with id kubejs:send_data_from_server
[172月2026 12:49:55.028] [modloading-worker-0/INFO] [dev.architectury.networking.forge.NetworkManagerImpl/]: Registering S2C receiver with id kubejs:paint
[172月2026 12:49:55.029] [modloading-worker-0/INFO] [dev.architectury.networking.forge.NetworkManagerImpl/]: Registering S2C receiver with id kubejs:add_stage
[172月2026 12:49:55.030] [modloading-worker-0/INFO] [dev.architectury.networking.forge.NetworkManagerImpl/]: Registering S2C receiver with id kubejs:remove_stage
[172月2026 12:49:55.031] [modloading-worker-0/INFO] [dev.architectury.networking.forge.NetworkManagerImpl/]: Registering S2C receiver with id kubejs:sync_stages
[172月2026 12:49:55.032] [modloading-worker-0/INFO] [dev.architectury.networking.forge.NetworkManagerImpl/]: Registering C2S receiver with id kubejs:first_click
[172月2026 12:49:55.034] [modloading-worker-0/INFO] [dev.architectury.networking.forge.NetworkManagerImpl/]: Registering S2C receiver with id kubejs:toast
[172月2026 12:49:55.035] [modloading-worker-0/INFO] [dev.architectury.networking.forge.NetworkManagerImpl/]: Registering S2C receiver with id kubejs:reload_startup_scripts
[172月2026 12:49:55.037] [modloading-worker-0/INFO] [dev.architectury.networking.forge.NetworkManagerImpl/]: Registering S2C receiver with id kubejs:display_server_errors
[172月2026 12:49:55.038] [modloading-worker-0/INFO] [dev.architectury.networking.forge.NetworkManagerImpl/]: Registering S2C receiver with id kubejs:display_client_errors
[172月2026 12:49:55.057] [modloading-worker-0/DEBUG] [net.minecraftforge.fml.javafmlmod.AutomaticEventSubscriber/LOADING]: Attempting to inject @EventBusSubscriber classes into the eventbus for kubejs
[172月2026 12:49:55.088] [main/DEBUG] [net.minecraftforge.registries.ObjectHolderRegistry/REGISTRIES]: Processing ObjectHolder annotations
[172月2026 12:49:55.126] [main/DEBUG] [net.minecraftforge.registries.ObjectHolderRegistry/REGISTRIES]: Found 4402 ObjectHolder annotations
[172月2026 12:49:55.132] [main/DEBUG] [net.minecraftforge.common.capabilities.CapabilityManager/CAPABILITIES]: Attempting to automatically register: Lnet/minecraftforge/energy/IEnergyStorage;
[172月2026 12:49:55.133] [main/DEBUG] [net.minecraftforge.common.capabilities.CapabilityManager/CAPABILITIES]: Attempting to automatically register: Lnet/minecraftforge/fluids/capability/IFluidHandler;
[172月2026 12:49:55.133] [main/DEBUG] [net.minecraftforge.common.capabilities.CapabilityManager/CAPABILITIES]: Attempting to automatically register: Lnet/minecraftforge/fluids/capability/IFluidHandlerItem;
[172月2026 12:49:55.134] [main/DEBUG] [net.minecraftforge.common.capabilities.CapabilityManager/CAPABILITIES]: Attempting to automatically register: Lnet/minecraftforge/items/IItemHandler;
[172月2026 12:49:55.136] [main/DEBUG] [net.minecraftforge.registries.GameData/REGISTRIES]: Unfreezing vanilla registries
[172月2026 12:49:55.143] [main/INFO] [KubeJS/]: Skipping minecraft:sound_event registry
[172月2026 12:49:55.146] [main/DEBUG] [net.minecraftforge.registries.GameData/REGISTRIES]: Applying holder lookups: minecraft:sound_event
[172月2026 12:49:55.151] [main/DEBUG] [net.minecraftforge.registries.GameData/REGISTRIES]: Holder lookups applied: minecraft:sound_event
[172月2026 12:49:55.163] [main/INFO] [KubeJS/]: Skipping minecraft:fluid registry
[172月2026 12:49:55.163] [main/DEBUG] [net.minecraftforge.registries.GameData/REGISTRIES]: Applying holder lookups: minecraft:fluid
[172月2026 12:49:55.165] [main/DEBUG] [net.minecraftforge.registries.GameData/REGISTRIES]: Holder lookups applied: minecraft:fluid
[172月2026 12:49:55.301] [main/DEBUG] [mixin/]: Mixing entity.MixinHydroponicBedTile from ifeu.mixins.json into com.buuz135.industrial.block.agriculturehusbandry.tile.HydroponicBedTile
[172月2026 12:49:55.316] [main/DEBUG] [mixin/]: Renaming synthetic method lambda$industrialForegoingExtraUpgrades$findRecollectable$7(Lcom/buuz135/industrial/api/plant/PlantRecollectable;)V to md91514e$lambda$industrialForegoingExtraUpgrades$findRecollectable$7$0 in ifeu.mixins.json:entity.MixinHydroponicBedTile
[172月2026 12:49:55.318] [main/DEBUG] [mixin/]: Renaming synthetic method lambda$industrialForegoingExtraUpgrades$findRecollectable$6(Lnet/minecraft/world/level/Level;Lnet/minecraft/core/BlockPos;Lnet/minecraft/world/level/block/state/BlockState;Lcom/buuz135/industrial/api/plant/PlantRecollectable;)Z to md91514e$lambda$industrialForegoingExtraUpgrades$findRecollectable$6$1 in ifeu.mixins.json:entity.MixinHydroponicBedTile
[172月2026 12:49:55.318] [main/DEBUG] [mixin/]: Renaming synthetic method lambda$industrialForegoingExtraUpgrades$tryToHarvestReplant$5(Lnet/minecraftforge/items/IItemHandler;Lnet/minecraft/world/item/ItemStack;)V to md91514e$lambda$industrialForegoingExtraUpgrades$tryToHarvestReplant$5$2 in ifeu.mixins.json:entity.MixinHydroponicBedTile
[172月2026 12:49:55.318] [main/DEBUG] [mixin/]: Renaming synthetic method lambda$industrialForegoingExtraUpgrades$tryToHarvestReplant$4(Ljava/util/List;Ljava/util/concurrent/atomic/AtomicInteger;Lnet/minecraft/world/item/ItemStack;)V to md91514e$lambda$industrialForegoingExtraUpgrades$tryToHarvestReplant$4$3 in ifeu.mixins.json:entity.MixinHydroponicBedTile
[172月2026 12:49:55.318] [main/DEBUG] [mixin/]: Renaming synthetic method lambda$work$3(Lnet/minecraft/core/BlockPos;Lnet/minecraft/world/level/block/state/BlockState;)Lcom/buuz135/industrial/api/plant/PlantRecollectable; to md91514e$lambda$work$3$4 in ifeu.mixins.json:entity.MixinHydroponicBedTile
[172月2026 12:49:55.318] [main/DEBUG] [mixin/]: Renaming synthetic method lambda$onTileInit$2(Lnet/minecraft/world/item/ItemStack;Ljava/lang/Integer;)Z to md91514e$lambda$onTileInit$2$5 in ifeu.mixins.json:entity.MixinHydroponicBedTile
[172月2026 12:49:55.318] [main/DEBUG] [mixin/]: Renaming synthetic method lambda$onTileInit$1(Lnet/minecraft/world/item/ItemStack;Ljava/lang/Integer;)Z to md91514e$lambda$onTileInit$1$6 in ifeu.mixins.json:entity.MixinHydroponicBedTile
[172月2026 12:49:55.318] [main/DEBUG] [mixin/]: Renaming synthetic method lambda$ifeu$serverTick$0(Lnet/minecraft/world/item/ItemStack;Lnet/minecraft/world/level/Level;Lnet/minecraft/core/BlockPos;Lnet/minecraft/world/item/Item;Lnet/minecraft/world/level/block/state/BlockState;Ljava/lang/String;)V to md91514e$lambda$ifeu$serverTick$0$7 in ifeu.mixins.json:entity.MixinHydroponicBedTile
[172月2026 12:49:55.448] [main/DEBUG] [mixin/]: Mixing entity.MixinStasisChamberTile from ifeu.mixins.json into com.buuz135.industrial.block.misc.tile.StasisChamberTile
[172月2026 12:49:55.448] [main/DEBUG] [mixin/]: Renaming synthetic method lambda$work$2(Lnet/minecraft/world/entity/player/Player;)V to md91514e$lambda$work$2$0 in ifeu.mixins.json:entity.MixinStasisChamberTile
[172月2026 12:49:55.448] [main/DEBUG] [mixin/]: Renaming synthetic method lambda$work$1(Lnet/minecraft/world/entity/Mob;Lnet/minecraft/world/entity/player/Player;)V to md91514e$lambda$work$1$1 in ifeu.mixins.json:entity.MixinStasisChamberTile
[172月2026 12:49:55.448] [main/DEBUG] [mixin/]: Renaming synthetic method lambda$work$0(Lnet/minecraft/world/entity/Mob;Lnet/minecraft/world/entity/player/Player;)V to md91514e$lambda$work$0$2 in ifeu.mixins.json:entity.MixinStasisChamberTile
[172月2026 12:49:55.460] [main/DEBUG] [net.minecraftforge.coremod.transformer.CoreModBaseTransformer/COREMOD]: Transforming net/minecraft/world/effect/MobEffectInstance
[172月2026 12:49:55.605] [main/INFO] [KubeJS/]: Skipping minecraft:block registry
[172月2026 12:49:55.605] [main/DEBUG] [net.minecraftforge.registries.GameData/REGISTRIES]: Applying holder lookups: minecraft:block
[172月2026 12:49:55.610] [main/DEBUG] [net.minecraftforge.registries.GameData/REGISTRIES]: Holder lookups applied: minecraft:block
[172月2026 12:49:55.611] [main/INFO] [KubeJS/]: Skipping minecraft:attribute registry
[172月2026 12:49:55.611] [main/DEBUG] [net.minecraftforge.registries.GameData/REGISTRIES]: Applying holder lookups: minecraft:attribute
[172月2026 12:49:55.612] [main/DEBUG] [net.minecraftforge.registries.GameData/REGISTRIES]: Holder lookups applied: minecraft:attribute
[172月2026 12:49:55.612] [main/INFO] [KubeJS/]: Skipping minecraft:mob_effect registry
[172月2026 12:49:55.613] [main/DEBUG] [net.minecraftforge.registries.GameData/REGISTRIES]: Applying holder lookups: minecraft:mob_effect
[172月2026 12:49:55.613] [main/DEBUG] [net.minecraftforge.registries.GameData/REGISTRIES]: Holder lookups applied: minecraft:mob_effect
[172月2026 12:49:55.615] [main/INFO] [KubeJS/]: Skipping minecraft:particle_type registry
[172月2026 12:49:55.616] [main/DEBUG] [net.minecraftforge.registries.GameData/REGISTRIES]: Applying holder lookups: minecraft:particle_type
[172月2026 12:49:55.617] [main/DEBUG] [net.minecraftforge.registries.GameData/REGISTRIES]: Holder lookups applied: minecraft:particle_type
[172月2026 12:49:55.699] [main/INFO] [KubeJS/]: Skipping minecraft:item registry
[172月2026 12:49:55.699] [main/DEBUG] [net.minecraftforge.registries.GameData/REGISTRIES]: Applying holder lookups: minecraft:item
[172月2026 12:49:55.701] [main/DEBUG] [net.minecraftforge.registries.GameData/REGISTRIES]: Holder lookups applied: minecraft:item
[172月2026 12:49:55.708] [main/INFO] [KubeJS/]: Skipping minecraft:entity_type registry
[172月2026 12:49:55.708] [main/DEBUG] [net.minecraftforge.registries.GameData/REGISTRIES]: Applying holder lookups: minecraft:entity_type
[172月2026 12:49:55.709] [main/DEBUG] [net.minecraftforge.registries.GameData/REGISTRIES]: Holder lookups applied: minecraft:entity_type
[172月2026 12:49:55.710] [main/INFO] [KubeJS/]: Skipping minecraft:sensor_type registry
[172月2026 12:49:55.710] [main/DEBUG] [net.minecraftforge.registries.GameData/REGISTRIES]: Applying holder lookups: minecraft:sensor_type
[172月2026 12:49:55.711] [main/DEBUG] [net.minecraftforge.registries.GameData/REGISTRIES]: Holder lookups applied: minecraft:sensor_type
[172月2026 12:49:55.712] [main/INFO] [KubeJS/]: Skipping minecraft:memory_module_type registry
[172月2026 12:49:55.712] [main/DEBUG] [net.minecraftforge.registries.GameData/REGISTRIES]: Applying holder lookups: minecraft:memory_module_type
[172月2026 12:49:55.713] [main/DEBUG] [net.minecraftforge.registries.GameData/REGISTRIES]: Holder lookups applied: minecraft:memory_module_type
[172月2026 12:49:55.713] [main/INFO] [KubeJS/]: Skipping minecraft:potion registry
[172月2026 12:49:55.713] [main/DEBUG] [net.minecraftforge.registries.GameData/REGISTRIES]: Applying holder lookups: minecraft:potion
[172月2026 12:49:55.714] [main/DEBUG] [net.minecraftforge.registries.GameData/REGISTRIES]: Holder lookups applied: minecraft:potion
[172月2026 12:49:55.715] [main/INFO] [KubeJS/]: Skipping minecraft:game_event registry
[172月2026 12:49:55.715] [main/DEBUG] [net.minecraftforge.registries.GameData/REGISTRIES]: Applying holder lookups: minecraft:game_event
[172月2026 12:49:55.716] [main/DEBUG] [net.minecraftforge.registries.GameData/REGISTRIES]: Holder lookups applied: minecraft:game_event
[172月2026 12:49:55.716] [main/INFO] [KubeJS/]: Skipping minecraft:enchantment registry
[172月2026 12:49:55.716] [main/DEBUG] [net.minecraftforge.registries.GameData/REGISTRIES]: Applying holder lookups: minecraft:enchantment
[172月2026 12:49:55.718] [main/DEBUG] [net.minecraftforge.registries.GameData/REGISTRIES]: Holder lookups applied: minecraft:enchantment
[172月2026 12:49:55.735] [main/INFO] [KubeJS/]: Skipping minecraft:block_entity_type registry
[172月2026 12:49:55.735] [main/DEBUG] [net.minecraftforge.registries.GameData/REGISTRIES]: Applying holder lookups: minecraft:block_entity_type
[172月2026 12:49:55.736] [main/DEBUG] [net.minecraftforge.registries.GameData/REGISTRIES]: Holder lookups applied: minecraft:block_entity_type
[172月2026 12:49:55.736] [main/INFO] [KubeJS/]: Skipping minecraft:painting_variant registry
[172月2026 12:49:55.736] [main/DEBUG] [net.minecraftforge.registries.GameData/REGISTRIES]: Applying holder lookups: minecraft:painting_variant
[172月2026 12:49:55.738] [main/DEBUG] [net.minecraftforge.registries.GameData/REGISTRIES]: Holder lookups applied: minecraft:painting_variant
[172月2026 12:49:55.738] [main/INFO] [KubeJS/]: Skipping minecraft:stat_type registry
[172月2026 12:49:55.738] [main/DEBUG] [net.minecraftforge.registries.GameData/REGISTRIES]: Applying holder lookups: minecraft:stat_type
[172月2026 12:49:55.738] [main/DEBUG] [net.minecraftforge.registries.GameData/REGISTRIES]: Holder lookups applied: minecraft:stat_type
[172月2026 12:49:55.739] [main/INFO] [KubeJS/]: Skipping minecraft:custom_stat registry
[172月2026 12:49:55.739] [main/DEBUG] [net.minecraftforge.registries.GameData/REGISTRIES]: Applying holder lookups: minecraft:custom_stat
[172月2026 12:49:55.740] [main/DEBUG] [net.minecraftforge.registries.GameData/REGISTRIES]: Holder lookups applied: minecraft:custom_stat
[172月2026 12:49:55.740] [main/INFO] [KubeJS/]: Skipping minecraft:chunk_status registry
[172月2026 12:49:55.740] [main/DEBUG] [net.minecraftforge.registries.GameData/REGISTRIES]: Applying holder lookups: minecraft:chunk_status
[172月2026 12:49:55.741] [main/DEBUG] [net.minecraftforge.registries.GameData/REGISTRIES]: Holder lookups applied: minecraft:chunk_status
[172月2026 12:49:55.744] [main/INFO] [KubeJS/]: Skipping minecraft:rule_test registry
[172月2026 12:49:55.744] [main/DEBUG] [net.minecraftforge.registries.GameData/REGISTRIES]: Applying holder lookups: minecraft:rule_test
[172月2026 12:49:55.744] [main/DEBUG] [net.minecraftforge.registries.GameData/REGISTRIES]: Holder lookups applied: minecraft:rule_test
[172月2026 12:49:55.744] [main/INFO] [KubeJS/]: Skipping minecraft:rule_block_entity_modifier registry
[172月2026 12:49:55.744] [main/DEBUG] [net.minecraftforge.registries.GameData/REGISTRIES]: Applying holder lookups: minecraft:rule_block_entity_modifier
[172月2026 12:49:55.745] [main/DEBUG] [net.minecraftforge.registries.GameData/REGISTRIES]: Holder lookups applied: minecraft:rule_block_entity_modifier
[172月2026 12:49:55.745] [main/INFO] [KubeJS/]: Skipping minecraft:pos_rule_test registry
[172月2026 12:49:55.745] [main/DEBUG] [net.minecraftforge.registries.GameData/REGISTRIES]: Applying holder lookups: minecraft:pos_rule_test
[172月2026 12:49:55.745] [main/DEBUG] [net.minecraftforge.registries.GameData/REGISTRIES]: Holder lookups applied: minecraft:pos_rule_test
[172月2026 12:49:55.748] [main/INFO] [KubeJS/]: Skipping minecraft:menu registry
[172月2026 12:49:55.748] [main/DEBUG] [net.minecraftforge.registries.GameData/REGISTRIES]: Applying holder lookups: minecraft:menu
[172月2026 12:49:55.748] [main/DEBUG] [net.minecraftforge.registries.GameData/REGISTRIES]: Holder lookups applied: minecraft:menu
[172月2026 12:49:55.749] [main/INFO] [KubeJS/]: Skipping minecraft:recipe_type registry
[172月2026 12:49:55.749] [main/DEBUG] [net.minecraftforge.registries.GameData/REGISTRIES]: Applying holder lookups: minecraft:recipe_type
[172月2026 12:49:55.750] [main/DEBUG] [net.minecraftforge.registries.GameData/REGISTRIES]: Holder lookups applied: minecraft:recipe_type
[172月2026 12:49:55.776] [main/DEBUG] [mixin/]: Mixing IngredientsWithChildrenMixin from kubejs-forge.mixins.json into net.minecraftforge.common.crafting.IntersectionIngredient
[172月2026 12:49:55.787] [main/INFO] [KubeJS/]: Skipping minecraft:recipe_serializer registry
[172月2026 12:49:55.787] [main/DEBUG] [net.minecraftforge.registries.GameData/REGISTRIES]: Applying holder lookups: minecraft:recipe_serializer
[172月2026 12:49:55.787] [main/DEBUG] [net.minecraftforge.registries.GameData/REGISTRIES]: Holder lookups applied: minecraft:recipe_serializer
[172月2026 12:49:55.787] [main/INFO] [KubeJS/]: Skipping minecraft:position_source_type registry
[172月2026 12:49:55.788] [main/DEBUG] [net.minecraftforge.registries.GameData/REGISTRIES]: Applying holder lookups: minecraft:position_source_type
[172月2026 12:49:55.788] [main/DEBUG] [net.minecraftforge.registries.GameData/REGISTRIES]: Holder lookups applied: minecraft:position_source_type
[172月2026 12:49:55.791] [main/INFO] [KubeJS/]: Skipping minecraft:command_argument_type registry
[172月2026 12:49:55.791] [main/DEBUG] [net.minecraftforge.registries.GameData/REGISTRIES]: Applying holder lookups: minecraft:command_argument_type
[172月2026 12:49:55.792] [main/DEBUG] [net.minecraftforge.registries.GameData/REGISTRIES]: Holder lookups applied: minecraft:command_argument_type
[172月2026 12:49:55.792] [main/INFO] [KubeJS/]: Skipping minecraft:villager_type registry
[172月2026 12:49:55.792] [main/DEBUG] [net.minecraftforge.registries.GameData/REGISTRIES]: Applying holder lookups: minecraft:villager_type
[172月2026 12:49:55.794] [main/DEBUG] [net.minecraftforge.registries.GameData/REGISTRIES]: Holder lookups applied: minecraft:villager_type
[172月2026 12:49:55.794] [main/INFO] [KubeJS/]: Skipping minecraft:villager_profession registry
[172月2026 12:49:55.794] [main/DEBUG] [net.minecraftforge.registries.GameData/REGISTRIES]: Applying holder lookups: minecraft:villager_profession
[172月2026 12:49:55.794] [main/DEBUG] [net.minecraftforge.registries.GameData/REGISTRIES]: Holder lookups applied: minecraft:villager_profession
[172月2026 12:49:55.794] [main/INFO] [KubeJS/]: Skipping minecraft:point_of_interest_type registry
[172月2026 12:49:55.795] [main/DEBUG] [net.minecraftforge.registries.GameData/REGISTRIES]: Applying holder lookups: minecraft:point_of_interest_type
[172月2026 12:49:55.795] [main/DEBUG] [net.minecraftforge.registries.GameData/REGISTRIES]: Holder lookups applied: minecraft:point_of_interest_type
[172月2026 12:49:55.795] [main/INFO] [KubeJS/]: Skipping minecraft:schedule registry
[172月2026 12:49:55.795] [main/DEBUG] [net.minecraftforge.registries.GameData/REGISTRIES]: Applying holder lookups: minecraft:schedule
[172月2026 12:49:55.795] [main/DEBUG] [net.minecraftforge.registries.GameData/REGISTRIES]: Holder lookups applied: minecraft:schedule
[172月2026 12:49:55.795] [main/INFO] [KubeJS/]: Skipping minecraft:activity registry
[172月2026 12:49:55.795] [main/DEBUG] [net.minecraftforge.registries.GameData/REGISTRIES]: Applying holder lookups: minecraft:activity
[172月2026 12:49:55.796] [main/DEBUG] [net.minecraftforge.registries.GameData/REGISTRIES]: Holder lookups applied: minecraft:activity
[172月2026 12:49:55.796] [main/INFO] [KubeJS/]: Skipping minecraft:loot_pool_entry_type registry
[172月2026 12:49:55.796] [main/DEBUG] [net.minecraftforge.registries.GameData/REGISTRIES]: Applying holder lookups: minecraft:loot_pool_entry_type
[172月2026 12:49:55.796] [main/DEBUG] [net.minecraftforge.registries.GameData/REGISTRIES]: Holder lookups applied: minecraft:loot_pool_entry_type
[172月2026 12:49:55.796] [main/INFO] [KubeJS/]: Skipping minecraft:loot_function_type registry
[172月2026 12:49:55.796] [main/DEBUG] [net.minecraftforge.registries.GameData/REGISTRIES]: Applying holder lookups: minecraft:loot_function_type
[172月2026 12:49:55.797] [main/DEBUG] [net.minecraftforge.registries.GameData/REGISTRIES]: Holder lookups applied: minecraft:loot_function_type
[172月2026 12:49:55.801] [main/INFO] [KubeJS/]: Skipping minecraft:loot_condition_type registry
[172月2026 12:49:55.802] [main/DEBUG] [net.minecraftforge.registries.GameData/REGISTRIES]: Applying holder lookups: minecraft:loot_condition_type
[172月2026 12:49:55.803] [main/DEBUG] [net.minecraftforge.registries.GameData/REGISTRIES]: Holder lookups applied: minecraft:loot_condition_type
[172月2026 12:49:55.803] [main/INFO] [KubeJS/]: Skipping minecraft:loot_number_provider_type registry
[172月2026 12:49:55.803] [main/DEBUG] [net.minecraftforge.registries.GameData/REGISTRIES]: Applying holder lookups: minecraft:loot_number_provider_type
[172月2026 12:49:55.803] [main/DEBUG] [net.minecraftforge.registries.GameData/REGISTRIES]: Holder lookups applied: minecraft:loot_number_provider_type
[172月2026 12:49:55.804] [main/INFO] [KubeJS/]: Skipping minecraft:loot_nbt_provider_type registry
[172月2026 12:49:55.804] [main/DEBUG] [net.minecraftforge.registries.GameData/REGISTRIES]: Applying holder lookups: minecraft:loot_nbt_provider_type
[172月2026 12:49:55.805] [main/DEBUG] [net.minecraftforge.registries.GameData/REGISTRIES]: Holder lookups applied: minecraft:loot_nbt_provider_type
[172月2026 12:49:55.805] [main/INFO] [KubeJS/]: Skipping minecraft:loot_score_provider_type registry
[172月2026 12:49:55.805] [main/DEBUG] [net.minecraftforge.registries.GameData/REGISTRIES]: Applying holder lookups: minecraft:loot_score_provider_type
[172月2026 12:49:55.805] [main/DEBUG] [net.minecraftforge.registries.GameData/REGISTRIES]: Holder lookups applied: minecraft:loot_score_provider_type
[172月2026 12:49:55.806] [main/INFO] [KubeJS/]: Skipping minecraft:float_provider_type registry
[172月2026 12:49:55.806] [main/DEBUG] [net.minecraftforge.registries.GameData/REGISTRIES]: Applying holder lookups: minecraft:float_provider_type
[172月2026 12:49:55.806] [main/DEBUG] [net.minecraftforge.registries.GameData/REGISTRIES]: Holder lookups applied: minecraft:float_provider_type
[172月2026 12:49:55.806] [main/INFO] [KubeJS/]: Skipping minecraft:int_provider_type registry
[172月2026 12:49:55.807] [main/DEBUG] [net.minecraftforge.registries.GameData/REGISTRIES]: Applying holder lookups: minecraft:int_provider_type
[172月2026 12:49:55.808] [main/DEBUG] [net.minecraftforge.registries.GameData/REGISTRIES]: Holder lookups applied: minecraft:int_provider_type
[172月2026 12:49:55.808] [main/INFO] [KubeJS/]: Skipping minecraft:height_provider_type registry
[172月2026 12:49:55.808] [main/DEBUG] [net.minecraftforge.registries.GameData/REGISTRIES]: Applying holder lookups: minecraft:height_provider_type
[172月2026 12:49:55.809] [main/DEBUG] [net.minecraftforge.registries.GameData/REGISTRIES]: Holder lookups applied: minecraft:height_provider_type
[172月2026 12:49:55.809] [main/INFO] [KubeJS/]: Skipping minecraft:block_predicate_type registry
[172月2026 12:49:55.809] [main/DEBUG] [net.minecraftforge.registries.GameData/REGISTRIES]: Applying holder lookups: minecraft:block_predicate_type
[172月2026 12:49:55.809] [main/DEBUG] [net.minecraftforge.registries.GameData/REGISTRIES]: Holder lookups applied: minecraft:block_predicate_type
[172月2026 12:49:55.809] [main/INFO] [KubeJS/]: Skipping minecraft:worldgen/carver registry
[172月2026 12:49:55.809] [main/DEBUG] [net.minecraftforge.registries.GameData/REGISTRIES]: Applying holder lookups: minecraft:worldgen/carver
[172月2026 12:49:55.810] [main/DEBUG] [net.minecraftforge.registries.GameData/REGISTRIES]: Holder lookups applied: minecraft:worldgen/carver
[172月2026 12:49:55.810] [main/INFO] [KubeJS/]: Skipping minecraft:worldgen/feature registry
[172月2026 12:49:55.810] [main/DEBUG] [net.minecraftforge.registries.GameData/REGISTRIES]: Applying holder lookups: minecraft:worldgen/feature
[172月2026 12:49:55.811] [main/DEBUG] [net.minecraftforge.registries.GameData/REGISTRIES]: Holder lookups applied: minecraft:worldgen/feature
[172月2026 12:49:55.811] [main/INFO] [KubeJS/]: Skipping minecraft:worldgen/structure_processor registry
[172月2026 12:49:55.811] [main/DEBUG] [net.minecraftforge.registries.GameData/REGISTRIES]: Applying holder lookups: minecraft:worldgen/structure_processor
[172月2026 12:49:55.811] [main/DEBUG] [net.minecraftforge.registries.GameData/REGISTRIES]: Holder lookups applied: minecraft:worldgen/structure_processor
[172月2026 12:49:55.811] [main/INFO] [KubeJS/]: Skipping minecraft:worldgen/structure_placement registry
[172月2026 12:49:55.811] [main/DEBUG] [net.minecraftforge.registries.GameData/REGISTRIES]: Applying holder lookups: minecraft:worldgen/structure_placement
[172月2026 12:49:55.811] [main/DEBUG] [net.minecraftforge.registries.GameData/REGISTRIES]: Holder lookups applied: minecraft:worldgen/structure_placement
[172月2026 12:49:55.812] [main/INFO] [KubeJS/]: Skipping minecraft:worldgen/structure_piece registry
[172月2026 12:49:55.812] [main/DEBUG] [net.minecraftforge.registries.GameData/REGISTRIES]: Applying holder lookups: minecraft:worldgen/structure_piece
[172月2026 12:49:55.812] [main/DEBUG] [net.minecraftforge.registries.GameData/REGISTRIES]: Holder lookups applied: minecraft:worldgen/structure_piece
[172月2026 12:49:55.812] [main/INFO] [KubeJS/]: Skipping minecraft:worldgen/structure_type registry
[172月2026 12:49:55.812] [main/DEBUG] [net.minecraftforge.registries.GameData/REGISTRIES]: Applying holder lookups: minecraft:worldgen/structure_type
[172月2026 12:49:55.814] [main/DEBUG] [net.minecraftforge.registries.GameData/REGISTRIES]: Holder lookups applied: minecraft:worldgen/structure_type
[172月2026 12:49:55.814] [main/INFO] [KubeJS/]: Skipping minecraft:worldgen/placement_modifier_type registry
[172月2026 12:49:55.814] [main/DEBUG] [net.minecraftforge.registries.GameData/REGISTRIES]: Applying holder lookups: minecraft:worldgen/placement_modifier_type
[172月2026 12:49:55.814] [main/DEBUG] [net.minecraftforge.registries.GameData/REGISTRIES]: Holder lookups applied: minecraft:worldgen/placement_modifier_type
[172月2026 12:49:55.814] [main/INFO] [KubeJS/]: Skipping minecraft:worldgen/block_state_provider_type registry
[172月2026 12:49:55.814] [main/DEBUG] [net.minecraftforge.registries.GameData/REGISTRIES]: Applying holder lookups: minecraft:worldgen/block_state_provider_type
[172月2026 12:49:55.815] [main/DEBUG] [net.minecraftforge.registries.GameData/REGISTRIES]: Holder lookups applied: minecraft:worldgen/block_state_provider_type
[172月2026 12:49:55.815] [main/INFO] [KubeJS/]: Skipping minecraft:worldgen/foliage_placer_type registry
[172月2026 12:49:55.815] [main/DEBUG] [net.minecraftforge.registries.GameData/REGISTRIES]: Applying holder lookups: minecraft:worldgen/foliage_placer_type
[172月2026 12:49:55.815] [main/DEBUG] [net.minecraftforge.registries.GameData/REGISTRIES]: Holder lookups applied: minecraft:worldgen/foliage_placer_type
[172月2026 12:49:55.815] [main/INFO] [KubeJS/]: Skipping minecraft:worldgen/trunk_placer_type registry
[172月2026 12:49:55.815] [main/DEBUG] [net.minecraftforge.registries.GameData/REGISTRIES]: Applying holder lookups: minecraft:worldgen/trunk_placer_type
[172月2026 12:49:55.816] [main/DEBUG] [net.minecraftforge.registries.GameData/REGISTRIES]: Holder lookups applied: minecraft:worldgen/trunk_placer_type
[172月2026 12:49:55.816] [main/INFO] [KubeJS/]: Skipping minecraft:worldgen/root_placer_type registry
[172月2026 12:49:55.816] [main/DEBUG] [net.minecraftforge.registries.GameData/REGISTRIES]: Applying holder lookups: minecraft:worldgen/root_placer_type
[172月2026 12:49:55.816] [main/DEBUG] [net.minecraftforge.registries.GameData/REGISTRIES]: Holder lookups applied: minecraft:worldgen/root_placer_type
[172月2026 12:49:55.816] [main/INFO] [KubeJS/]: Skipping minecraft:worldgen/tree_decorator_type registry
[172月2026 12:49:55.816] [main/DEBUG] [net.minecraftforge.registries.GameData/REGISTRIES]: Applying holder lookups: minecraft:worldgen/tree_decorator_type
[172月2026 12:49:55.817] [main/DEBUG] [net.minecraftforge.registries.GameData/REGISTRIES]: Holder lookups applied: minecraft:worldgen/tree_decorator_type
[172月2026 12:49:55.817] [main/INFO] [KubeJS/]: Skipping minecraft:worldgen/feature_size_type registry
[172月2026 12:49:55.817] [main/DEBUG] [net.minecraftforge.registries.GameData/REGISTRIES]: Applying holder lookups: minecraft:worldgen/feature_size_type
[172月2026 12:49:55.818] [main/DEBUG] [net.minecraftforge.registries.GameData/REGISTRIES]: Holder lookups applied: minecraft:worldgen/feature_size_type
[172月2026 12:49:55.818] [main/INFO] [KubeJS/]: Skipping minecraft:worldgen/biome_source registry
[172月2026 12:49:55.818] [main/DEBUG] [net.minecraftforge.registries.GameData/REGISTRIES]: Applying holder lookups: minecraft:worldgen/biome_source
[172月2026 12:49:55.819] [main/DEBUG] [net.minecraftforge.registries.GameData/REGISTRIES]: Holder lookups applied: minecraft:worldgen/biome_source
[172月2026 12:49:55.819] [main/INFO] [KubeJS/]: Skipping minecraft:worldgen/chunk_generator registry
[172月2026 12:49:55.819] [main/DEBUG] [net.minecraftforge.registries.GameData/REGISTRIES]: Applying holder lookups: minecraft:worldgen/chunk_generator
[172月2026 12:49:55.819] [main/DEBUG] [net.minecraftforge.registries.GameData/REGISTRIES]: Holder lookups applied: minecraft:worldgen/chunk_generator
[172月2026 12:49:55.819] [main/INFO] [KubeJS/]: Skipping minecraft:worldgen/material_condition registry
[172月2026 12:49:55.819] [main/DEBUG] [net.minecraftforge.registries.GameData/REGISTRIES]: Applying holder lookups: minecraft:worldgen/material_condition
[172月2026 12:49:55.820] [main/DEBUG] [net.minecraftforge.registries.GameData/REGISTRIES]: Holder lookups applied: minecraft:worldgen/material_condition
[172月2026 12:49:55.820] [main/INFO] [KubeJS/]: Skipping minecraft:worldgen/material_rule registry
[172月2026 12:49:55.820] [main/DEBUG] [net.minecraftforge.registries.GameData/REGISTRIES]: Applying holder lookups: minecraft:worldgen/material_rule
[172月2026 12:49:55.821] [main/DEBUG] [net.minecraftforge.registries.GameData/REGISTRIES]: Holder lookups applied: minecraft:worldgen/material_rule
[172月2026 12:49:55.821] [main/INFO] [KubeJS/]: Skipping minecraft:worldgen/density_function_type registry
[172月2026 12:49:55.821] [main/DEBUG] [net.minecraftforge.registries.GameData/REGISTRIES]: Applying holder lookups: minecraft:worldgen/density_function_type
[172月2026 12:49:55.821] [main/DEBUG] [net.minecraftforge.registries.GameData/REGISTRIES]: Holder lookups applied: minecraft:worldgen/density_function_type
[172月2026 12:49:55.822] [main/INFO] [KubeJS/]: Skipping minecraft:worldgen/structure_pool_element registry
[172月2026 12:49:55.822] [main/DEBUG] [net.minecraftforge.registries.GameData/REGISTRIES]: Applying holder lookups: minecraft:worldgen/structure_pool_element
[172月2026 12:49:55.822] [main/DEBUG] [net.minecraftforge.registries.GameData/REGISTRIES]: Holder lookups applied: minecraft:worldgen/structure_pool_element
[172月2026 12:49:55.822] [main/INFO] [KubeJS/]: Skipping minecraft:cat_variant registry
[172月2026 12:49:55.822] [main/DEBUG] [net.minecraftforge.registries.GameData/REGISTRIES]: Applying holder lookups: minecraft:cat_variant
[172月2026 12:49:55.822] [main/DEBUG] [net.minecraftforge.registries.GameData/REGISTRIES]: Holder lookups applied: minecraft:cat_variant
[172月2026 12:49:55.823] [main/INFO] [KubeJS/]: Skipping minecraft:frog_variant registry
[172月2026 12:49:55.823] [main/DEBUG] [net.minecraftforge.registries.GameData/REGISTRIES]: Applying holder lookups: minecraft:frog_variant
[172月2026 12:49:55.823] [main/DEBUG] [net.minecraftforge.registries.GameData/REGISTRIES]: Holder lookups applied: minecraft:frog_variant
[172月2026 12:49:55.823] [main/INFO] [KubeJS/]: Skipping minecraft:banner_pattern registry
[172月2026 12:49:55.823] [main/DEBUG] [net.minecraftforge.registries.GameData/REGISTRIES]: Applying holder lookups: minecraft:banner_pattern
[172月2026 12:49:55.824] [main/DEBUG] [net.minecraftforge.registries.GameData/REGISTRIES]: Holder lookups applied: minecraft:banner_pattern
[172月2026 12:49:55.824] [main/INFO] [KubeJS/]: Skipping minecraft:instrument registry
[172月2026 12:49:55.824] [main/DEBUG] [net.minecraftforge.registries.GameData/REGISTRIES]: Applying holder lookups: minecraft:instrument
[172月2026 12:49:55.824] [main/DEBUG] [net.minecraftforge.registries.GameData/REGISTRIES]: Holder lookups applied: minecraft:instrument
[172月2026 12:49:55.824] [main/INFO] [KubeJS/]: Skipping minecraft:decorated_pot_patterns registry
[172月2026 12:49:55.824] [main/DEBUG] [net.minecraftforge.registries.GameData/REGISTRIES]: Applying holder lookups: minecraft:decorated_pot_patterns
[172月2026 12:49:55.824] [main/DEBUG] [net.minecraftforge.registries.GameData/REGISTRIES]: Holder lookups applied: minecraft:decorated_pot_patterns
[172月2026 12:49:55.828] [main/INFO] [KubeJS/]: Skipping minecraft:creative_mode_tab registry
[172月2026 12:49:55.828] [main/DEBUG] [net.minecraftforge.registries.GameData/REGISTRIES]: Applying holder lookups: minecraft:creative_mode_tab
[172月2026 12:49:55.829] [main/DEBUG] [net.minecraftforge.registries.GameData/REGISTRIES]: Holder lookups applied: minecraft:creative_mode_tab
[172月2026 12:49:55.840] [main/INFO] [KubeJS/]: Skipping forge:biome_modifier_serializers registry
[172月2026 12:49:55.840] [main/DEBUG] [net.minecraftforge.registries.GameData/REGISTRIES]: Applying holder lookups: forge:biome_modifier_serializers
[172月2026 12:49:55.840] [main/DEBUG] [net.minecraftforge.registries.GameData/REGISTRIES]: Holder lookups applied: forge:biome_modifier_serializers
[172月2026 12:49:55.841] [main/INFO] [KubeJS/]: Skipping forge:display_contexts registry
[172月2026 12:49:55.841] [main/DEBUG] [net.minecraftforge.registries.GameData/REGISTRIES]: Applying holder lookups: forge:display_contexts
[172月2026 12:49:55.842] [main/DEBUG] [net.minecraftforge.registries.GameData/REGISTRIES]: Holder lookups applied: forge:display_contexts
[172月2026 12:49:55.842] [main/INFO] [KubeJS/]: Skipping forge:entity_data_serializers registry
[172月2026 12:49:55.842] [main/DEBUG] [net.minecraftforge.registries.GameData/REGISTRIES]: Applying holder lookups: forge:entity_data_serializers
[172月2026 12:49:55.842] [main/DEBUG] [net.minecraftforge.registries.GameData/REGISTRIES]: Holder lookups applied: forge:entity_data_serializers
[172月2026 12:49:55.846] [main/INFO] [KubeJS/]: Skipping forge:fluid_type registry
[172月2026 12:49:55.846] [main/DEBUG] [net.minecraftforge.registries.GameData/REGISTRIES]: Applying holder lookups: forge:fluid_type
[172月2026 12:49:55.847] [main/DEBUG] [net.minecraftforge.registries.GameData/REGISTRIES]: Holder lookups applied: forge:fluid_type
[172月2026 12:49:55.848] [main/INFO] [KubeJS/]: Skipping forge:global_loot_modifier_serializers registry
[172月2026 12:49:55.848] [main/DEBUG] [net.minecraftforge.registries.GameData/REGISTRIES]: Applying holder lookups: forge:global_loot_modifier_serializers
[172月2026 12:49:55.848] [main/DEBUG] [net.minecraftforge.registries.GameData/REGISTRIES]: Holder lookups applied: forge:global_loot_modifier_serializers
[172月2026 12:49:55.857] [main/INFO] [KubeJS/]: Skipping forge:holder_set_type registry
[172月2026 12:49:55.857] [main/DEBUG] [net.minecraftforge.registries.GameData/REGISTRIES]: Applying holder lookups: forge:holder_set_type
[172月2026 12:49:55.857] [main/DEBUG] [net.minecraftforge.registries.GameData/REGISTRIES]: Holder lookups applied: forge:holder_set_type
[172月2026 12:49:55.858] [main/INFO] [KubeJS/]: Skipping forge:structure_modifier_serializers registry
[172月2026 12:49:55.858] [main/DEBUG] [net.minecraftforge.registries.GameData/REGISTRIES]: Applying holder lookups: forge:structure_modifier_serializers
[172月2026 12:49:55.859] [main/DEBUG] [net.minecraftforge.registries.GameData/REGISTRIES]: Holder lookups applied: forge:structure_modifier_serializers
[172月2026 12:49:55.859] [main/INFO] [KubeJS/]: Skipping industrialforegoing:plant_recollectable registry
[172月2026 12:49:55.859] [main/DEBUG] [net.minecraftforge.registries.GameData/REGISTRIES]: Applying holder lookups: industrialforegoing:plant_recollectable
[172月2026 12:49:55.860] [main/DEBUG] [net.minecraftforge.registries.GameData/REGISTRIES]: Holder lookups applied: industrialforegoing:plant_recollectable
[172月2026 12:49:55.862] [main/INFO] [KubeJS/]: Skipping industrialforegoing:straw registry
[172月2026 12:49:55.862] [main/DEBUG] [net.minecraftforge.registries.GameData/REGISTRIES]: Applying holder lookups: industrialforegoing:straw
[172月2026 12:49:55.863] [main/DEBUG] [net.minecraftforge.registries.GameData/REGISTRIES]: Holder lookups applied: industrialforegoing:straw
[172月2026 12:49:55.863] [main/INFO] [KubeJS/]: Skipping minecraft:worldgen/biome registry
[172月2026 12:49:55.864] [main/DEBUG] [net.minecraftforge.registries.GameData/REGISTRIES]: Applying holder lookups: minecraft:worldgen/biome
[172月2026 12:49:55.864] [main/DEBUG] [net.minecraftforge.registries.GameData/REGISTRIES]: Holder lookups applied: minecraft:worldgen/biome
[172月2026 12:49:56.037] [main/WARN] [net.minecraft.server.packs.VanillaPackResourcesBuilder/]: Assets URL 'union:/C:/Users/18703/.gradle/caches/forge_gradle/minecraft_user_repo/net/minecraftforge/forge/1.20.1-47.3.0_mapped_parchment_2023.09.03-1.20.1/forge-1.20.1-47.3.0_mapped_parchment_2023.09.03-1.20.1.jar%23191!/assets/.mcassetsroot' uses unexpected schema
[172月2026 12:49:56.038] [main/WARN] [net.minecraft.server.packs.VanillaPackResourcesBuilder/]: Assets URL 'union:/C:/Users/18703/.gradle/caches/forge_gradle/minecraft_user_repo/net/minecraftforge/forge/1.20.1-47.3.0_mapped_parchment_2023.09.03-1.20.1/forge-1.20.1-47.3.0_mapped_parchment_2023.09.03-1.20.1.jar%23191!/data/.mcassetsroot' uses unexpected schema
[172月2026 12:49:56.098] [main/DEBUG] [mixin/]: Mixing TagManagerMixin from kubejs-common.mixins.json into net.minecraft.tags.TagManager
[172月2026 12:49:56.295] [main/INFO] [net.minecraft.data.DataGenerator/]: Starting provider: Recipes
[172月2026 12:49:56.301] [main/DEBUG] [mixin/]: Mixing IngredientTagValueMixin from kubejs-common.mixins.json into net.minecraft.world.item.crafting.Ingredient$TagValue
[172月2026 12:49:56.333] [main/DEBUG] [mixin/]: Mixing item.MixinAugmentWrapper from ifeu.mixins.json into com.hrznstudio.titanium.item.AugmentWrapper
[172月2026 12:49:56.417] [main/INFO] [net.minecraft.data.DataGenerator/]: Recipes finished after 123 ms
[172月2026 12:49:56.419] [main/INFO] [net.minecraft.data.DataGenerator/]: Starting provider: Titanium Serializable (ifeu)
[172月2026 12:49:56.451] [main/INFO] [net.minecraft.data.DataGenerator/]: Titanium Serializable (ifeu) finished after 32 ms
[172月2026 12:49:56.451] [main/INFO] [net.minecraft.data.DataGenerator/]: Starting provider: Block States: ifeu
[172月2026 12:49:56.462] [main/INFO] [net.minecraft.data.DataGenerator/]: Block States: ifeu finished after 10 ms
[172月2026 12:49:56.462] [main/INFO] [net.minecraft.data.DataGenerator/]: Starting provider: Loot Tables
[172月2026 12:49:56.484] [main/DEBUG] [mixin/]: Mixing MixinLootDataManager from architectury.mixins.json into net.minecraft.world.level.storage.loot.LootDataManager
[172月2026 12:49:56.485] [main/DEBUG] [mixin/]: Mixing LootTablesMixin from kubejs-common.mixins.json into net.minecraft.world.level.storage.loot.LootDataManager
[172月2026 12:49:56.540] [main/INFO] [net.minecraft.data.DataGenerator/]: Loot Tables finished after 77 ms
[172月2026 12:49:56.540] [main/INFO] [net.minecraft.data.DataGenerator/]: Starting provider: ifeu - ItemModel
[172月2026 12:49:56.581] [main/INFO] [net.minecraft.data.DataGenerator/]: ifeu - ItemModel finished after 41 ms
[172月2026 12:49:56.582] [main/INFO] [net.minecraft.data.DataGenerator/]: Starting provider: Tags for minecraft:block mod id ifeu
[172月2026 12:49:56.602] [main/INFO] [net.minecraft.data.DataGenerator/]: Tags for minecraft:block mod id ifeu finished after 20 ms
[172月2026 12:49:56.602] [main/INFO] [net.minecraft.data.DataGenerator/]: Starting provider: Tags for minecraft:item mod id vanilla
[172月2026 12:49:56.606] [main/INFO] [net.minecraft.data.DataGenerator/]: Tags for minecraft:item mod id vanilla finished after 2 ms
[172月2026 12:49:56.606] [main/INFO] [net.minecraft.data.DataGenerator/]: All providers took: 312 ms
[172月2026 12:49:56.633] [main/INFO] [net.minecraft.data.HashCache/]: Caching: total files: 212, old count: 212, new count: 213, removed stale: 0, written: 5
